matrix_name,case,num_observation,noise_std,seed,run_name,rel_l2,physics_rms,boundary_rms,structure_error,loss_std,loss_ratio,reliability_raw,reliability_raw_recal,physics_consistency_recal,training_stability_recal,numerical_accuracy_recal,structural_stability_recal,threshold_rel_l2,crosses_threshold
probability_v2_fisher_kpp,fisher_kpp,32,0.0,41,fisher_kpp_probability_v2_fisher_kpp_obs32_noise000_seed41,0.012972433120012283,0.020357122644782066,0.007968627847731113,0.00015789270401000977,2.169833409425431e-05,0.0001888471236896433,0.9472967586990957,0.9066023396740451,0.9189186265623842,0.8109439177048119,0.9474600426546919,0.9490867717742926,0.018860769923776388,0
probability_v2_fisher_kpp,fisher_kpp,32,0.0,42,fisher_kpp_probability_v2_fisher_kpp_obs32_noise000_seed42,0.01232586707919836,0.018575498834252357,0.004326886963099241,0.00014132261276245117,7.5643624045013016e-06,8.438323007142405e-05,0.9486906167897743,0.949372161447371,0.951532478033809,0.9456621701996512,0.9498155484233847,0.9504784491326391,0.018860769923776388,0
probability_v2_fisher_kpp,fisher_kpp,32,0.0,43,fisher_kpp_probability_v2_fisher_kpp_obs32_noise000_seed43,0.01523806992918253,0.026687119156122208,0.00888858549296856,0.0002561807632446289,3.180415792303568e-05,0.00023409156336747598,0.9446008402376241,0.8317679406013154,0.865860445191386,0.5828111058106391,0.9383575913924628,0.940042620010774,0.018860769923776388,0
probability_v2_fisher_kpp,fisher_kpp,32,0.0,44,fisher_kpp_probability_v2_fisher_kpp_obs32_noise000_seed44,0.008485320955514908,0.01572454161942005,0.004236369393765926,5.501508712768555e-05,4.778787643365476e-06,0.00011089913097128309,0.9502127529650618,0.9585731533923818,0.9607228924744566,0.9545418072267812,0.9618659620158111,0.9571619518524785,0.018860769923776388,0
probability_v2_fisher_kpp,fisher_kpp,32,0.0,45,fisher_kpp_probability_v2_fisher_kpp_obs32_noise000_seed45,0.01072952151298523,0.016003042459487915,0.005857419688254595,0.00014412403106689453,1.0982399439657988e-05,0.00012006133783922476,0.949388145168044,0.9463875749916074,0.9510956918497673,0.9289991052654387,0.9552097779164742,0.9502457249347495,0.018860769923776388,0
probability_v2_fisher_kpp,fisher_kpp,16,0.0,41,fisher_kpp_probability_v2_fisher_kpp_obs16_noise000_seed41,0.013702057301998138,0.01990337297320366,0.008248216472566128,0.0001443624496459961,2.213405776585034e-05,0.0001902380809330138,0.9472316758003854,0.9040806008333149,0.9181066017139616,0.8033132754544956,0.9446766553317942,0.9502258708330078,0.018860769923776388,0
probability_v2_fisher_kpp,fisher_kpp,16,0.0,42,fisher_kpp_probability_v2_fisher_kpp_obs16_noise000_seed42,0.011915693059563637,0.021271228790283203,0.005238549318164587,0.00015026330947875977,5.029878040746714e-06,0.00011216740959682792,0.9478072920143625,0.9474452929370722,0.9349478044490641,0.9538436495066185,0.9512576346191431,0.9497320831734634,0.018860769923776388,0
probability_v2_fisher_kpp,fisher_kpp,16,0.0,43,fisher_kpp_probability_v2_fisher_kpp_obs16_noise000_seed43,0.020960310474038124,0.03159000724554062,0.009445452131330967,0.0004202127456665039,3.8499319204170236e-05,0.0002788819219247239,0.9414583279918088,0.7605888906269505,0.7981155378579716,0.41425174915580243,0.9084502926727771,0.9215379828212505,0.018860769923776388,1
probability_v2_fisher_kpp,fisher_kpp,16,0.0,44,fisher_kpp_probability_v2_fisher_kpp_obs16_noise000_seed44,0.009296094998717308,0.015274092555046082,0.004632234573364258,4.684925079345703e-05,4.815204624996773e-06,0.00010262652935277487,0.9501087522419649,0.9579356253346043,0.9599182047539302,0.9544979271759907,0.9595786513245782,0.957747718083918,0.018860769923776388,0
probability_v2_fisher_kpp,fisher_kpp,16,0.0,45,fisher_kpp_probability_v2_fisher_kpp_obs16_noise000_seed45,0.010997514240443707,0.016977651044726372,0.006320367567241192,0.00013458728790283203,1.2543656371055669e-05,0.00011237996532554789,0.9489843319381841,0.9424009977749269,0.9452497873808218,0.9189759707334448,0.9543444714056951,0.9510337615797458,0.018860769923776388,0
probability_v2_fisher_kpp,fisher_kpp,12,0.0,41,fisher_kpp_probability_v2_fisher_kpp_obs12_noise000_seed41,0.01361128594726324,0.021501466631889343,0.007936575450003147,0.00015610456466674805,1.968622924271981e-05,0.0001707050110631025,0.9468419693341963,0.9127465270348719,0.9136241965291227,0.8430928445303693,0.9450303506058836,0.9492387164741121,0.018860769923776388,0
probability_v2_fisher_kpp,fisher_kpp,12,0.0,42,fisher_kpp_probability_v2_fisher_kpp_obs12_noise000_seed42,0.012868969701230526,0.01919012889266014,0.005061263684183359,0.0001327991485595703,6.9108509978460675e-06,0.00010341158137942941,0.9482732339024116,0.9481135499062149,0.9454707263850753,0.947959410554499,0.9478438680856871,0.951180194599598,0.018860769923776388,0
probability_v2_fisher_kpp,fisher_kpp,12,0.0,43,fisher_kpp_probability_v2_fisher_kpp_obs12_noise000_seed43,0.01865670457482338,0.032176289707422256,0.010241846553981304,0.00036460161209106445,3.773269888652754e-05,0.00025683334884770624,0.9415510414199932,0.7654210167000951,0.7790323795125405,0.4325136736109891,0.9218049491399812,0.9283330645368698,0.018860769923776388,0
probability_v2_fisher_kpp,fisher_kpp,12,0.0,44,fisher_kpp_probability_v2_fisher_kpp_obs12_noise000_seed44,0.010784640908241272,0.015050563961267471,0.004362666513770819,4.971027374267578e-05,4.464980642087406e-06,0.00010383310161101701,0.949944212922649,0.9574380285419586,0.9617559873764465,0.9554196717206043,0.9550330924210317,0.9575433626497516,0.018860769923776388,0
probability_v2_fisher_kpp,fisher_kpp,12,0.0,45,fisher_kpp_probability_v2_fisher_kpp_obs12_noise000_seed45,0.011930081062018871,0.017363201826810837,0.0061383615247905254,0.00011926889419555664,1.1596964923206887e-05,0.00010996569151439731,0.9487450508610862,0.9435379052569354,0.945350940249926,0.9253181473737814,0.9512077214007049,0.9522748120033292,0.018860769923776388,0
probability_v2_fisher_kpp,fisher_kpp,8,0.0,41,fisher_kpp_probability_v2_fisher_kpp_obs8_noise000_seed41,0.017450986430048943,0.03098868951201439,0.009567211382091045,0.0002117753028869629,2.13069073563913e-05,0.00020481872295878117,0.94246389618511,0.8739199963507508,0.8058254975688187,0.8174911319706016,0.9280619928426413,0.9443013630209414,0.018860769923776388,0
probability_v2_fisher_kpp,fisher_kpp,8,0.0,42,fisher_kpp_probability_v2_fisher_kpp_obs8_noise000_seed42,0.016161803156137466,0.01892378367483616,0.005915198475122452,0.0001633167266845703,6.511224617345433e-06,0.0001205162245777427,0.9475320541816622,0.9433817690920243,0.9414335422238344,0.9492315017665037,0.9342387965283622,0.948623235849397,0.018860769923776388,0
probability_v2_fisher_kpp,fisher_kpp,8,0.0,43,fisher_kpp_probability_v2_fisher_kpp_obs8_noise000_seed43,0.017940949648618698,0.03165902569890022,0.008402114734053612,0.00038421154022216797,2.3917111965816947e-05,0.00019788450940422657,0.9423176905437187,0.8572595021632138,0.8078822896407507,0.7695773793233023,0.925577060277096,0.9260012794117062,0.018860769923776388,0
probability_v2_fisher_kpp,fisher_kpp,8,0.0,44,fisher_kpp_probability_v2_fisher_kpp_obs8_noise000_seed44,0.010339178144931793,0.02087794430553913,0.004849209450185299,6.979703903198242e-05,7.456045954053055e-06,0.00013343060954027896,0.9483040901537263,0.9493305668453876,0.9390427009197431,0.9457555467373249,0.956442215432713,0.9560818042917695,0.018860769923776388,0
probability_v2_fisher_kpp,fisher_kpp,8,0.0,45,fisher_kpp_probability_v2_fisher_kpp_obs8_noise000_seed45,0.015963759273290634,0.018321087583899498,0.008051993325352669,0.0002397298812866211,2.3465550544654268e-05,0.00016919953770413066,0.9472623191855409,0.8954146852562672,0.9262190920831574,0.7786420081844732,0.9351428550805954,0.9416547856768431,0.018860769923776388,0
probability_v2_fisher_kpp,fisher_kpp,32,0.05,41,fisher_kpp_probability_v2_fisher_kpp_obs32_noise050_seed41,0.015986774116754532,0.022276395931839943,0.0073498692363500595,0.00016605854034423828,2.4450315053459488e-05,0.0005764420669278071,0.9462422744995891,0.8886721070643859,0.9146613156500925,0.7566013172224596,0.9350383906311401,0.9483874047538514,0.018860769923776388,0
probability_v2_fisher_kpp,fisher_kpp,32,0.05,42,fisher_kpp_probability_v2_fisher_kpp_obs32_noise050_seed42,0.013288319110870361,0.02002057619392872,0.006982836872339249,0.00015908479690551758,1.159946707248515e-05,0.00044235294868942386,0.9475521937026614,0.9368788480944437,0.9291851745488718,0.92307337279521,0.9462716087438533,0.9489852362898396,0.018860769923776388,0
probability_v2_fisher_kpp,fisher_kpp,32,0.05,43,fisher_kpp_probability_v2_fisher_kpp_obs32_noise050_seed43,0.01766008511185646,0.027012096717953682,0.011045397259294987,0.0003249645233154297,2.8867332450237732e-05,0.0005963135565318771,0.9435162569343057,0.8372230087815778,0.8333583579484892,0.6556822551044785,0.9270110140196977,0.932840408053646,0.018860769923776388,0
probability_v2_fisher_kpp,fisher_kpp,32,0.05,44,fisher_kpp_probability_v2_fisher_kpp_obs32_noise050_seed44,0.010942893102765083,0.016812440007925034,0.004667275119572878,0.00020331144332885742,8.161744039033578e-06,0.0005785085309058025,0.9493537559124914,0.9487832654935772,0.9556906533112314,0.9398401563930832,0.9545221163578979,0.9450801359120963,0.018860769923776388,0
probability_v2_fisher_kpp,fisher_kpp,32,0.05,45,fisher_kpp_probability_v2_fisher_kpp_obs32_noise050_seed45,0.015077725984156132,0.017602592706680298,0.0071963053196668625,0.0001786947250366211,8.644638273048303e-06,0.0006836508061170164,0.9478432142438218,0.9399605467632123,0.9365161086968272,0.9369912922193089,0.939047541986409,0.9472872441503039,0.018860769923776388,0
probability_v2_fisher_kpp,fisher_kpp,16,0.05,41,fisher_kpp_probability_v2_fisher_kpp_obs16_noise050_seed41,0.013565544970333576,0.019965890794992447,0.008001387119293213,0.00014227628707885742,2.47148551082649e-05,0.0005805661558061928,0.9472816147166925,0.8917580406095318,0.9203312201339918,0.7510938276703655,0.9452077746851184,0.9503993399486517,0.018860769923776388,0
probability_v2_fisher_kpp,fisher_kpp,16,0.05,42,fisher_kpp_probability_v2_fisher_kpp_obs16_noise050_seed42,0.02182876691222191,0.022993553429841995,0.008839685469865799,0.00017791986465454102,6.171794730439058e-06,0.00038384135519681705,0.9445221485264822,0.9235875840404457,0.8955403089083794,0.9485509700215978,0.9029037177192821,0.9473553395125236,0.018860769923776388,1
probability_v2_fisher_kpp,fisher_kpp,16,0.05,43,fisher_kpp_probability_v2_fisher_kpp_obs16_noise050_seed43,0.024307699874043465,0.035208284854888916,0.01059934962540865,0.0006620287895202637,3.268202782140944e-05,0.0005551216391612853,0.9389623801003188,0.7620711103268423,0.7194730105559168,0.5587299295842872,0.8853939673104887,0.8846875338566763,0.018860769923776388,1
probability_v2_fisher_kpp,fisher_kpp,16,0.05,44,fisher_kpp_probability_v2_fisher_kpp_obs16_noise050_seed44,0.009882140904664993,0.015341989696025848,0.0049836114048957825,4.6193599700927734e-05,8.506601764410069e-06,0.0006727384585906531,0.9499008123556596,0.952809839872856,0.9579248435960408,0.9376760028675379,0.9578440960833795,0.9577944169444657,0.018860769923776388,0
probability_v2_fisher_kpp,fisher_kpp,16,0.05,45,fisher_kpp_probability_v2_fisher_kpp_obs16_noise050_seed45,0.014710476621985435,0.017513878643512726,0.00666695786640048,0.0001271367073059082,1.368182141824315e-05,0.0006063537296044726,0.9480488207461834,0.9350919377644933,0.9410573814978328,0.9070685375847071,0.9406006689451766,0.9516411630302569,0.018860769923776388,0
probability_v2_fisher_kpp,fisher_kpp,12,0.05,41,fisher_kpp_probability_v2_fisher_kpp_obs12_noise050_seed41,0.024900328367948532,0.02794678509235382,0.008477720431983471,0.0006772875785827637,2.0934971453796522e-05,0.0005702176567572418,0.942145253597306,0.8603083429267946,0.8571245019278105,0.821371492207881,0.880819552906895,0.8819178246645921,0.018860769923776388,1
probability_v2_fisher_kpp,fisher_kpp,12,0.05,42,fisher_kpp_probability_v2_fisher_kpp_obs12_noise050_seed42,0.022252390161156654,0.023600075393915176,0.005852630827575922,0.0003708004951477051,4.407147014929327e-06,0.0003597921495898241,0.9448227049653664,0.9246803317605174,0.9172102908540505,0.953816900051663,0.9000907456882252,0.9276033904481313,0.018860769923776388,1
probability_v2_fisher_kpp,fisher_kpp,12,0.05,43,fisher_kpp_probability_v2_fisher_kpp_obs12_noise050_seed43,0.03280934318900108,0.039334651082754135,0.011812502518296242,0.00125807523727417,4.818955358080808e-05,0.0005899684645887634,0.9346999167088093,0.5930320041445449,0.6126643080230214,0.2272116686022581,0.8035701179331101,0.7286819220197901,0.018860769923776388,1
probability_v2_fisher_kpp,fisher_kpp,12,0.05,44,fisher_kpp_probability_v2_fisher_kpp_obs12_noise050_seed44,0.019093412905931473,0.017756575718522072,0.005303200334310532,0.00015926361083984375,3.620701500690147e-06,0.0004157686424370209,0.9473813093760969,0.9432653760214189,0.9493346027266799,0.9553386429507871,0.9194182689574616,0.9489699894507468,0.018860769923776388,1
probability_v2_fisher_kpp,fisher_kpp,12,0.05,45,fisher_kpp_probability_v2_fisher_kpp_obs12_noise050_seed45,0.021364960819482803,0.02419164776802063,0.009067806415259838,0.00028145313262939453,2.329696314010408e-05,0.0006455985757539794,0.9441393582400492,0.876826383524414,0.8848087537560322,0.7791099835119292,0.9059022584301507,0.9374845383995438,0.018860769923776388,1
probability_v2_fisher_kpp,fisher_kpp,8,0.05,41,fisher_kpp_probability_v2_fisher_kpp_obs8_noise050_seed41,0.01887030526995659,0.02982863038778305,0.010210586711764336,0.0002550482749938965,2.0173550057502542e-05,0.0005338542981907542,0.9424620801598962,0.8770480781023663,0.8138288207067522,0.8335627862444156,0.9206457790468435,0.9401549264114537,0.018860769923776388,1
probability_v2_fisher_kpp,fisher_kpp,8,0.05,42,fisher_kpp_probability_v2_fisher_kpp_obs8_noise050_seed42,0.02211533859372139,0.02138528972864151,0.006266382522881031,0.00038379430770874023,7.32664566789465e-06,0.00047351507194820416,0.945452878639364,0.9247277603095843,0.9279555343341149,0.9438952522251801,0.9010086437842323,0.9260516108948097,0.018860769923776388,1
probability_v2_fisher_kpp,fisher_kpp,8,0.05,43,fisher_kpp_probability_v2_fisher_kpp_obs8_noise050_seed43,0.02880781888961792,0.0330580398440361,0.011569833382964134,0.0004792213439941406,3.7489363849697726e-05,0.0005390395548311294,0.9386210088244452,0.7356996200079852,0.7450854553679689,0.437448464565011,0.8465770238914233,0.9136875362075375,0.018860769923776388,1
probability_v2_fisher_kpp,fisher_kpp,8,0.05,44,fisher_kpp_probability_v2_fisher_kpp_obs8_noise050_seed44,0.019335303455591202,0.02023719809949398,0.008427340537309647,0.0002728700637817383,8.386944184554494e-06,0.0005127197916775029,0.9459593479201556,0.9276430163886908,0.9147655159620642,0.9393741406453217,0.9180678651603238,0.9383645437870538,0.018860769923776388,1
probability_v2_fisher_kpp,fisher_kpp,8,0.05,45,fisher_kpp_probability_v2_fisher_kpp_obs8_noise050_seed45,0.01618608646094799,0.02260945551097393,0.011941837146878242,0.00012946128845214844,2.8250939617143405e-05,0.000719086882877459,0.945091448931701,0.8515305042857743,0.8504385623487329,0.6701038876912991,0.9341271417369806,0.9514524253660843,0.018860769923776388,0
probability_v2_fisher_kpp,fisher_kpp,32,0.1,41,fisher_kpp_probability_v2_fisher_kpp_obs32_noise100_seed41,0.0235220268368721,0.029282307252287865,0.007351767271757126,0.0001996159553527832,2.815568270567242e-05,0.0017761159217436287,0.9422460648950385,0.8384079610196569,0.851217464094207,0.6657752160826599,0.8912222265306872,0.9454169373710736,0.018860769923776388,1
probability_v2_fisher_kpp,fisher_kpp,32,0.1,42,fisher_kpp_probability_v2_fisher_kpp_obs32_noise100_seed42,0.02256004326045513,0.02298232726752758,0.010881785303354263,0.0004532337188720703,1.767449032297774e-05,0.001512194393776787,0.9438359642957453,0.8857130231405834,0.867384862698208,0.8602355998324022,0.8980026540019175,0.9172289760298058,0.018860769923776388,1
probability_v2_fisher_kpp,fisher_kpp,32,0.1,43,fisher_kpp_probability_v2_fisher_kpp_obs32_noise100_seed43,0.022676436230540276,0.027814481407403946,0.014078902080655098,0.00047844648361206055,3.023672861972383e-05,0.0016717243893966313,0.9414156295610535,0.797200406166612,0.7624801452234983,0.6153237520516147,0.8972026409800709,0.9137950864112645,0.018860769923776388,1
probability_v2_fisher_kpp,fisher_kpp,32,0.1,44,fisher_kpp_probability_v2_fisher_kpp_obs32_noise100_seed44,0.017601391300559044,0.02146456018090248,0.005814844276756048,0.0005514025688171387,1.3934009038433536e-05,0.0019685515742899847,0.946408926901501,0.9135831290836232,0.9305112899037841,0.8933919926260703,0.9273074425886877,0.9031217912159504,0.018860769923776388,0
probability_v2_fisher_kpp,fisher_kpp,32,0.1,45,fisher_kpp_probability_v2_fisher_kpp_obs32_noise100_seed45,0.02331681363284588,0.02014869451522827,0.010501024313271046,0.00039452314376831055,7.625447749480951e-06,0.0024711260530063985,0.9446272016223922,0.9073945507313512,0.888043700573791,0.9240861127527897,0.892701072043677,0.9247473175551469,0.018860769923776388,1
probability_v2_fisher_kpp,fisher_kpp,16,0.1,41,fisher_kpp_probability_v2_fisher_kpp_obs16_noise100_seed41,0.017642002552747726,0.021558741107583046,0.008704831823706627,0.0002282857894897461,2.7136234667635464e-05,0.0016156885763130388,0.9458131866420492,0.8665248333668061,0.905322770253097,0.6909218900100838,0.9271024570876188,0.9427522161164248,0.018860769923776388,0
probability_v2_fisher_kpp,fisher_kpp,16,0.1,42,fisher_kpp_probability_v2_fisher_kpp_obs16_noise100_seed42,0.03935042768716812,0.027608484029769897,0.015020890161395073,0.00045502185821533203,8.712968419246708e-06,0.0011295743225701194,0.937207459575799,0.8260089286444886,0.7389657811160824,0.933119564907986,0.7149607735786999,0.9169895949751863,0.018860769923776388,1
probability_v2_fisher_kpp,fisher_kpp,16,0.1,43,fisher_kpp_probability_v2_fisher_kpp_obs16_noise100_seed43,0.03111865743994713,0.04578680917620659,0.013225066475570202,0.0012878775596618652,3.1416718766218336e-05,0.0014952235630576777,0.9315404164273293,0.6414727501726157,0.4384454479026814,0.5864984365229786,0.8227647636960272,0.7181823525687757,0.018860769923776388,1
probability_v2_fisher_kpp,fisher_kpp,16,0.1,44,fisher_kpp_probability_v2_fisher_kpp_obs16_noise100_seed44,0.013052519410848618,0.017441662028431892,0.006821171380579472,9.322166442871094e-05,1.4736210089241579e-05,0.002292730611216866,0.9483366060286523,0.9311948844049811,0.9400901508635497,0.8832115328466362,0.9471611106970668,0.9543167432126719,0.018860769923776388,0
probability_v2_fisher_kpp,fisher_kpp,16,0.1,45,fisher_kpp_probability_v2_fisher_kpp_obs16_noise100_seed45,0.025819873437285423,0.020490681752562523,0.008344156667590141,0.0004317164421081543,1.6244638012495678e-05,0.0019616202700073653,0.9444206884823274,0.8950256887568618,0.9144992949339076,0.8721331843678124,0.8734096363700039,0.9200606393557235,0.018860769923776388,1
probability_v2_fisher_kpp,fisher_kpp,12,0.1,41,fisher_kpp_probability_v2_fisher_kpp_obs12_noise100_seed41,0.03937143459916115,0.03695126995444298,0.009758473373949528,0.0018175244331359863,2.262171489278867e-05,0.0017612313082658818,0.9344538139360257,0.6728612973567847,0.6924947523996854,0.7836224017746644,0.7146405191875826,0.5006875160652065,0.018860769923776388,1
probability_v2_fisher_kpp,fisher_kpp,12,0.1,42,fisher_kpp_probability_v2_fisher_kpp_obs12_noise100_seed42,0.03493182733654976,0.03232940286397934,0.00957838911563158,0.0009430646896362305,6.009162607196918e-06,0.0011802147087218724,0.9378027981805368,0.8321696634445785,0.7846992740933388,0.9428192773387236,0.7773058229609243,0.8238542793853275,0.018860769923776388,1
probability_v2_fisher_kpp,fisher_kpp,12,0.1,43,fisher_kpp_probability_v2_fisher_kpp_obs12_noise100_seed43,0.056330397725105286,0.04941391199827194,0.014499391429126263,0.0037215352058410645,5.770519403435119e-05,0.0015815248852866948,0.9213996163000864,0.22718412329621807,0.3424701828338135,0.11904531520489962,0.41333339979634237,0.033887595349816814,0.018860769923776388,1
probability_v2_fisher_kpp,fisher_kpp,12,0.1,44,fisher_kpp_probability_v2_fisher_kpp_obs12_noise100_seed44,0.02929960936307907,0.02200908772647381,0.007549881003797054,0.0004024505615234375,3.7631827481427677e-06,0.001383181303002667,0.9433489493559527,0.9067707482327643,0.9144476827930131,0.9471261506702232,0.841739111279928,0.9237700481878929,0.018860769923776388,1
probability_v2_fisher_kpp,fisher_kpp,12,0.1,45,fisher_kpp_probability_v2_fisher_kpp_obs12_noise100_seed45,0.03827698901295662,0.03439180552959442,0.015494506806135178,0.0009975433349609375,3.696947263636166e-05,0.0020939390416684993,0.9346267629885328,0.655748831138831,0.6390478878817961,0.4434164705427588,0.7310340406197047,0.8094969255110642,0.018860769923776388,1
probability_v2_fisher_kpp,fisher_kpp,8,0.1,41,fisher_kpp_probability_v2_fisher_kpp_obs8_noise100_seed41,0.02087489701807499,0.029721595346927643,0.011231619864702225,0.00031435489654541016,2.1951464854692903e-05,0.0016602819317429246,0.9418217877426127,0.8598357208770894,0.8000140574525219,0.7963471858423035,0.9089801400813937,0.9340015001321383,0.018860769923776388,1
probability_v2_fisher_kpp,fisher_kpp,8,0.1,42,fisher_kpp_probability_v2_fisher_kpp_obs8_noise100_seed42,0.031060492619872093,0.02679045870900154,0.008160430006682873,0.0008833408355712891,1.4994172507305128e-05,0.0015434983709120462,0.9411300484312017,0.8556702469091082,0.8724042878483607,0.8882774218088223,0.8233981601157713,0.8386011178634788,0.018860769923776388,1
probability_v2_fisher_kpp,fisher_kpp,8,0.1,43,fisher_kpp_probability_v2_fisher_kpp_obs8_noise100_seed43,0.057626668363809586,0.03663206472992897,0.016468536108732224,0.0022446513175964355,6.554212657172962e-05,0.001387731782586367,0.9272396974181509,0.3386959287685741,0.5740625234412415,0.0697335955522297,0.3900408778102328,0.32094671827059224,0.018860769923776388,1
probability_v2_fisher_kpp,fisher_kpp,8,0.1,44,fisher_kpp_probability_v2_fisher_kpp_obs8_noise100_seed44,0.030150342732667923,0.023130828514695168,0.013098559342324734,0.0006072521209716797,1.348183980958703e-05,0.001724864113564742,0.9415030682885175,0.8622940708135661,0.8225652690638241,0.8993633661125369,0.8330786577034063,0.8941689903744973,0.018860769923776388,1
probability_v2_fisher_kpp,fisher_kpp,8,0.1,45,fisher_kpp_probability_v2_fisher_kpp_obs8_noise100_seed45,0.03371347859501839,0.03325705975294113,0.020717650651931763,0.0004748106002807617,3.7105419129158414e-05,0.0023298814128112667,0.9349634039553596,0.6577703531738546,0.4851991453269391,0.4389058876314874,0.7926782540487177,0.914298125688274,0.018860769923776388,1
probability_v2_fisher_kpp,fisher_kpp,32,0.125,41,fisher_kpp_probability_v2_fisher_kpp_obs32_noise125_seed41,0.027943618595600128,0.03385927155613899,0.0075815580785274506,0.00022560358047485352,3.0416112285081655e-05,0.002668108133285192,0.9393733038477683,0.7944538588019541,0.7764033382965368,0.6036211178028935,0.8547843715571336,0.9430066075512523,0.018860769923776388,1
probability_v2_fisher_kpp,fisher_kpp,32,0.125,42,fisher_kpp_probability_v2_fisher_kpp_obs32_noise125_seed42,0.028175244107842445,0.02489900216460228,0.012971451506018639,0.0007078647613525391,2.1200103853415807e-05,0.002309842647052459,0.9413972451697805,0.8364446449951444,0.8138887474426487,0.8030748213600194,0.8526210454755591,0.8761939657023503,0.018860769923776388,1
probability_v2_fisher_kpp,fisher_kpp,32,0.125,43,fisher_kpp_probability_v2_fisher_kpp_obs32_noise125_seed43,0.025767158716917038,0.028369128704071045,0.015780620276927948,0.0005918145179748535,3.2591621499388785e-05,0.002479798448266587,0.9400660444161131,0.7575112871070362,0.7092452326219555,0.55024088662163,0.8738448581149001,0.896714171069659,0.018860769923776388,1
probability_v2_fisher_kpp,fisher_kpp,32,0.125,44,fisher_kpp_probability_v2_fisher_kpp_obs32_noise125_seed44,0.021449565887451172,0.02460855431854725,0.006537662819027901,0.0008015036582946777,1.7786943017187e-05,0.0030113634274819222,0.94439861500297,0.8777574942354018,0.9051913051796626,0.8433082050665383,0.9053615393842036,0.8571689273112026,0.018860769923776388,1
probability_v2_fisher_kpp,fisher_kpp,32,0.125,45,fisher_kpp_probability_v2_fisher_kpp_obs32_noise125_seed45,0.02790669910609722,0.02167220413684845,0.012430872768163681,0.0005713701248168945,7.471760340308983e-06,0.003816533419614276,0.9426325892930092,0.8766174905216115,0.8453949310861337,0.905946920789169,0.8551267446166931,0.9000013655944501,0.018860769923776388,1
probability_v2_fisher_kpp,fisher_kpp,16,0.125,41,fisher_kpp_probability_v2_fisher_kpp_obs16_noise125_seed41,0.020596155896782875,0.022812895476818085,0.009366278536617756,0.0003031492233276367,2.8297323326507173e-05,0.002368576419990483,0.9446409586941039,0.8485253256232972,0.890350049605243,0.6578535961458609,0.9106901109349523,0.9352075458071325,0.018860769923776388,1
probability_v2_fisher_kpp,fisher_kpp,16,0.125,42,fisher_kpp_probability_v2_fisher_kpp_obs16_noise125_seed42,0.04857972636818886,0.030658194795250893,0.01834411546587944,0.0006808042526245117,1.0540087915419847e-05,0.0016781430513583277,0.9324902774898148,0.7393627079456304,0.5999402834582857,0.919136467700746,0.5571027035339547,0.8812713770895355,0.018860769923776388,1
probability_v2_fisher_kpp,fisher_kpp,16,0.125,43,fisher_kpp_probability_v2_fisher_kpp_obs16_noise125_seed43,0.03516317903995514,0.05238894000649452,0.014837180264294147,0.0017354488372802734,3.274329866654278e-05,0.0022175770871308083,0.9261947039238642,0.535182092927135,0.28150109916892235,0.5481755729914366,0.7742966257063355,0.5367550738418458,0.018860769923776388,1
probability_v2_fisher_kpp,fisher_kpp,16,0.125,44,fisher_kpp_probability_v2_fisher_kpp_obs16_noise125_seed44,0.015153065323829651,0.019145382568240166,0.008035484701395035,0.0001328587532043457,1.9162820249513304e-05,0.0034947175869525296,0.9471667336264646,0.9082043899276856,0.9233543786083145,0.8195635956962544,0.9387242652073564,0.9511753201988171,0.018860769923776388,0
probability_v2_fisher_kpp,fisher_kpp,16,0.125,45,fisher_kpp_probability_v2_fisher_kpp_obs16_noise125_seed45,0.03199503943324089,0.02263794280588627,0.009474123828113079,0.0006988048553466797,1.8198485055694664e-05,0.00295484058236775,0.9419904128164953,0.8549828144232873,0.8900327542727532,0.8389793098454285,0.8130048673262952,0.8779143262486723,0.018860769923776388,1
probability_v2_fisher_kpp,fisher_kpp,12,0.125,41,fisher_kpp_probability_v2_fisher_kpp_obs12_noise125_seed41,0.04686559736728668,0.04179978743195534,0.010603226721286774,0.002617478370666504,2.368395027494183e-05,0.0026525503903814434,0.9296803014289516,0.5269258917467519,0.5668376338433438,0.7555375383027901,0.5884589492455403,0.19686944559533315,0.018860769923776388,1
probability_v2_fisher_kpp,fisher_kpp,12,0.125,42,fisher_kpp_probability_v2_fisher_kpp_obs12_noise125_seed42,0.04163258895277977,0.03752189502120018,0.011746447533369064,0.0013519525527954102,8.683046732474384e-06,0.0017947274438924784,0.9332321218216538,0.7389459040322114,0.6549154871841891,0.9271278417426341,0.6789466751055849,0.6947936120964375,0.018860769923776388,1
probability_v2_fisher_kpp,fisher_kpp,12,0.125,43,fisher_kpp_probability_v2_fisher_kpp_obs12_noise125_seed43,0.06898844242095947,0.054942648857831955,0.01616170071065426,0.005575597286224365,5.8053936725905835e-05,0.0023210401830430364,0.9125586621776612,0.13928226760550635,0.22579717820471976,0.11529004660119639,0.21470386143436365,0.0013379841817456302,0.018860769923776388,1
probability_v2_fisher_kpp,fisher_kpp,12,0.125,44,fisher_kpp_probability_v2_fisher_kpp_obs12_noise125_seed44,0.03467728570103645,0.024479765444993973,0.008890628814697266,0.0005788803100585938,4.237142061682176e-06,0.0021115050805018513,0.9409049966884153,0.8756977962020865,0.8847343321306883,0.9386686308526435,0.7805834503273634,0.8988047714976508,0.018860769923776388,1
probability_v2_fisher_kpp,fisher_kpp,12,0.125,45,fisher_kpp_probability_v2_fisher_kpp_obs12_noise125_seed45,0.047200411558151245,0.039855536073446274,0.01907574012875557,0.0015657544136047363,4.506438462719314e-05,0.003161109240810757,0.9285855711252784,0.4761765261544667,0.44254955207267915,0.2700581626700206,0.5823821784361027,0.6097162114390644,0.018860769923776388,1
probability_v2_fisher_kpp,fisher_kpp,8,0.125,41,fisher_kpp_probability_v2_fisher_kpp_obs8_noise125_seed41,0.022009408101439476,0.03012741543352604,0.011831903830170631,0.0003496408462524414,2.4115126452379904e-05,0.0025183429340736355,0.9412658783126575,0.8411973471936589,0.7845567917590833,0.7484534089145292,0.9017129588309782,0.9300662292700448,0.018860769923776388,1
probability_v2_fisher_kpp,fisher_kpp,8,0.125,42,fisher_kpp_probability_v2_fisher_kpp_obs8_noise125_seed42,0.036254141479730606,0.030505934730172157,0.00941464677453041,0.0012664198875427246,2.2560352133678496e-05,0.002339161094836563,0.9381041342508019,0.7699056469321905,0.8146030208097518,0.7795320068123225,0.7597206520718509,0.7257669080348368,0.018860769923776388,1
probability_v2_fisher_kpp,fisher_kpp,8,0.125,43,fisher_kpp_probability_v2_fisher_kpp_obs8_noise125_seed43,0.07317383587360382,0.03884519264101982,0.01877303048968315,0.0038616061210632324,8.826631032311495e-05,0.001972879368309571,0.919392556995883,0.1691701295414943,0.46894680461344634,0.014439199230702329,0.16661707720069527,0.026677437121133234,0.018860769923776388,1
probability_v2_fisher_kpp,fisher_kpp,8,0.125,44,fisher_kpp_probability_v2_fisher_kpp_obs8_noise125_seed44,0.03560963645577431,0.025490667670965195,0.015517511405050755,0.0008174777030944824,1.7471082374455838e-05,0.002645639001458453,0.9387113374468126,0.8037362132160432,0.7414699235718714,0.8513762817842133,0.7684084634123087,0.8536901840957793,0.018860769923776388,1
probability_v2_fisher_kpp,fisher_kpp,8,0.125,45,fisher_kpp_probability_v2_fisher_kpp_obs8_noise125_seed45,0.04359559714794159,0.03973307088017464,0.02552310936152935,0.0008157491683959961,4.393147847478761e-05,0.003511109039751832,0.9279188983275739,0.5125611603582253,0.26158268137141094,0.28844694500323703,0.6461450388683105,0.8540699761899427,0.018860769923776388,1
probability_v2_fisher_kpp,fisher_kpp,32,0.15,41,fisher_kpp_probability_v2_fisher_kpp_obs32_noise150_seed41,0.0325697585940361,0.038857996463775635,0.007942323572933674,0.0002574920654296875,3.2975803089986265e-05,0.0037478903209808324,0.9359503641429583,0.7350196821162918,0.6635206111090626,0.5302629715229917,0.8063828113083598,0.9399123345247529,0.018860769923776388,1
probability_v2_fisher_kpp,fisher_kpp,32,0.15,42,fisher_kpp_probability_v2_fisher_kpp_obs32_noise150_seed42,0.034058522433042526,0.027072634547948837,0.015105451457202435,0.0010330677032470703,2.5662647025826007e-05,0.003289243285792527,0.9386177748800056,0.7595092269609711,0.7413256357183567,0.7086431010903079,0.7884057400613508,0.7996624309738688,0.018860769923776388,1
probability_v2_fisher_kpp,fisher_kpp,32,0.15,43,fisher_kpp_probability_v2_fisher_kpp_obs32_noise150_seed43,0.029162324965000153,0.029042555019259453,0.01758207380771637,0.0007349252700805664,3.632533461321953e-05,0.0034697751822385854,0.9385127280954195,0.7019107805584477,0.6432565292426983,0.4503534147667149,0.8431019576274417,0.8709312205969361,0.018860769923776388,1
probability_v2_fisher_kpp,fisher_kpp,32,0.15,44,fisher_kpp_probability_v2_fisher_kpp_obs32_noise150_seed44,0.025473635643720627,0.028130032122135162,0.007300402503460646,0.0011035799980163574,2.2404100295892218e-05,0.004283833638919366,0.9420633952205103,0.819861425427042,0.8656874793685705,0.758484990620053,0.8762448755133729,0.7790283562061714,0.018860769923776388,1
probability_v2_fisher_kpp,fisher_kpp,32,0.15,45,fisher_kpp_probability_v2_fisher_kpp_obs32_noise150_seed45,0.032634858042001724,0.023320643231272697,0.014467763714492321,0.0007954835891723633,7.764865961149526e-06,0.005459348501584954,0.9404174469486011,0.830854601376933,0.7863522135781688,0.8729826467949228,0.8056215928380557,0.8584619522965847,0.018860769923776388,1
probability_v2_fisher_kpp,fisher_kpp,16,0.15,41,fisher_kpp_probability_v2_fisher_kpp_obs16_noise150_seed41,0.02387680672109127,0.024300387129187584,0.010188993066549301,0.00039833784103393555,2.9428378921317944e-05,0.003274627843738782,0.9432389287190787,0.826190196804098,0.869351461787757,0.6225075053765488,0.8886233225548372,0.9242784974972491,0.018860769923776388,1
probability_v2_fisher_kpp,fisher_kpp,16,0.15,42,fisher_kpp_probability_v2_fisher_kpp_obs16_noise150_seed42,0.057854872196912766,0.034026987850666046,0.02171802893280983,0.0009611845016479492,1.2720301794289424e-05,0.002339506501700194,0.927107990734409,0.6361685851373714,0.4408463617003628,0.898663743908396,0.38598851324031663,0.8191757217004103,0.018860769923776388,1
probability_v2_fisher_kpp,fisher_kpp,16,0.15,43,fisher_kpp_probability_v2_fisher_kpp_obs16_noise150_seed43,0.039430711418390274,0.059437189251184464,0.01655825600028038,0.002267599105834961,3.565734533519402e-05,0.0031094636536933185,0.9197894378539201,0.414685309569533,0.16367672003074263,0.46912491122844263,0.7137356683836458,0.3122039386353009,0.018860769923776388,1
probability_v2_fisher_kpp,fisher_kpp,16,0.15,44,fisher_kpp_probability_v2_fisher_kpp_obs16_noise150_seed44,0.01743989996612072,0.02122202329337597,0.009365108795464039,0.00018173456192016602,2.4653841404284875e-05,0.004956086876642264,0.9457736201159697,0.8701808947794718,0.899163202809907,0.7064237550182942,0.9281173245091258,0.9470192967805602,0.018860769923776388,0
probability_v2_fisher_kpp,fisher_kpp,16,0.15,45,fisher_kpp_probability_v2_fisher_kpp_obs16_noise150_seed45,0.03832310065627098,0.025098491460084915,0.010711485520005226,0.0010410547256469727,2.067991579544981e-05,0.004153551606680951,0.9392048916000063,0.7928947730064779,0.8554563706323175,0.7883675963444111,0.7303554768623512,0.7973996481868317,0.018860769923776388,1
probability_v2_fisher_kpp,fisher_kpp,12,0.15,41,fisher_kpp_probability_v2_fisher_kpp_obs12_noise150_seed41,0.05442216247320175,0.04674612730741501,0.0115469079464674,0.003569662570953369,2.494834723072054e-05,0.0037399407376141566,0.9242913157545254,0.4110943646601393,0.4340735189797586,0.7181704478459406,0.4483103973260555,0.043823094488802554,0.018860769923776388,1
probability_v2_fisher_kpp,fisher_kpp,12,0.15,42,fisher_kpp_probability_v2_fisher_kpp_obs12_noise150_seed42,0.048466965556144714,0.043062251061201096,0.013974827714264393,0.0018477439880371094,1.3014056240467703e-05,0.002540681902788339,0.9279376738970158,0.6081433616263163,0.4917350766818854,0.8942700827199319,0.5591823249692476,0.4873859621342006,0.018860769923776388,1
probability_v2_fisher_kpp,fisher_kpp,12,0.15,43,fisher_kpp_probability_v2_fisher_kpp_obs12_noise150_seed43,0.08206798881292343,0.06064807251095772,0.01809469796717167,0.007889032363891602,5.5770166842107515e-05,0.003224098809932644,0.90206349404618,0.09125011879899547,0.13878143359353917,0.13297486604760514,0.09322138709734668,2.2788457490879062e-05,0.018860769923776388,1
probability_v2_fisher_kpp,fisher_kpp,12,0.15,44,fisher_kpp_probability_v2_fisher_kpp_obs12_noise150_seed44,0.040188368409872055,0.027103586122393608,0.010311630554497242,0.0007954835891723633,5.016147187033962e-06,0.0030019300511849828,0.9381850950028359,0.8324945014488893,0.8437145342135263,0.9257810749290067,0.7020204443564394,0.8584619522965847,0.018860769923776388,1
probability_v2_fisher_kpp,fisher_kpp,12,0.15,45,fisher_kpp_probability_v2_fisher_kpp_obs12_noise150_seed45,0.056249987334012985,0.04545928165316582,0.02275124005973339,0.0022812485694885254,5.550154307911501e-05,0.004451779260817071,0.9216587001576151,0.278209276609975,0.2585223051020108,0.13245660535233736,0.41479230999270994,0.30706588599284207,0.018860769923776388,1
probability_v2_fisher_kpp,fisher_kpp,8,0.15,41,fisher_kpp_probability_v2_fisher_kpp_obs8_noise150_seed41,0.023225104436278343,0.030864741653203964,0.012484769336879253,0.0003890395164489746,2.7277084249443037e-05,0.0035701427904685228,0.940540459045603,0.8128135618845148,0.7624879639256382,0.6699934809787124,0.8933562269284727,0.925416575705236,0.018860769923776388,1
probability_v2_fisher_kpp,fisher_kpp,8,0.15,42,fisher_kpp_probability_v2_fisher_kpp_obs8_noise150_seed42,0.04187903180718422,0.03493233770132065,0.010787471197545528,0.0017622113227844238,3.338652894954705e-05,0.003302813747353122,0.934374670190856,0.6115751073979847,0.7224426801471733,0.5239231637053543,0.6749162504533658,0.5250183352860455,0.018860769923776388,1
probability_v2_fisher_kpp,fisher_kpp,8,0.15,43,fisher_kpp_probability_v2_fisher_kpp_obs8_noise150_seed43,0.09031419456005096,0.04142054170370102,0.020986616611480713,0.006287515163421631,0.00012018726552201602,0.0026405553739353234,0.9091681476454607,0.10426086319960946,0.36251441225347575,0.0015759943444527914,0.05257075534259431,0.0003822908579150195,0.018860769923776388,1
probability_v2_fisher_kpp,fisher_kpp,8,0.15,44,fisher_kpp_probability_v2_fisher_kpp_obs8_noise150_seed44,0.04105271399021149,0.028285333886742592,0.01795019581913948,0.0010547041893005371,2.2432576698975207e-05,0.0037766248508797197,0.9355712523300008,0.7210050408894899,0.6369465045057618,0.7652600845321844,0.6883249298446364,0.7934886446753769,0.018860769923776388,1
probability_v2_fisher_kpp,fisher_kpp,8,0.15,45,fisher_kpp_probability_v2_fisher_kpp_obs8_noise150_seed45,0.05354144796729088,0.04677622765302658,0.0303986594080925,0.0012497901916503906,5.39269433974077e-05,0.004930057459693217,0.9195274073911874,0.36375253678791974,0.11302409464272145,0.1457796217971786,0.4646496329995881,0.7315567977121907,0.018860769923776388,1
probability_v2_fisher_kpp,fisher_kpp,32,0.175,41,fisher_kpp_probability_v2_fisher_kpp_obs32_noise175_seed41,0.03732381388545036,0.0441560298204422,0.008411947637796402,0.00029540061950683594,3.588415858351488e-05,0.0050100307841664535,0.9319646475174357,0.6628639728004287,0.5235170505449436,0.4470926766162286,0.7448166794900547,0.9360294845504881,0.018860769923776388,1
probability_v2_fisher_kpp,fisher_kpp,32,0.175,42,fisher_kpp_probability_v2_fisher_kpp_obs32_noise175_seed42,0.040081936866045,0.029435472562909126,0.017265593633055687,0.0014293789863586426,3.074622980519743e-05,0.004445725329031667,0.9355218128489947,0.6492525473316627,0.6503995040759945,0.577789533475351,0.7036827312792217,0.6651384204960836,0.018860769923776388,1
probability_v2_fisher_kpp,fisher_kpp,32,0.175,43,fisher_kpp_probability_v2_fisher_kpp_obs32_noise175_seed43,0.032776281237602234,0.029828213155269623,0.01944788172841072,0.0009090304374694824,4.1384846170646554e-05,0.004641506821145735,0.9367717812795449,0.6334784702109316,0.5674386154640525,0.3301313878943029,0.8039600897231062,0.8323837877622648,0.018860769923776388,1
probability_v2_fisher_kpp,fisher_kpp,32,0.175,44,fisher_kpp_probability_v2_fisher_kpp_obs32_noise175_seed44,0.029604999348521233,0.0319373682141304,0.008089902810752392,0.0014559626579284668,2.7794034128488432e-05,0.005784915711560948,0.9394076737678226,0.7315598083872344,0.8062349975212012,0.6266989983078947,0.8386729916883267,0.6546322460315153,0.018860769923776388,1
probability_v2_fisher_kpp,fisher_kpp,32,0.175,45,fisher_kpp_probability_v2_fisher_kpp_obs32_noise175_seed45,0.0374491810798645,0.02506709285080433,0.016565583646297455,0.0010666847229003906,8.393379606635926e-06,0.007395021509283261,0.937996135582851,0.7651516733241379,0.7102342394958293,0.8173317174204763,0.7430306863675533,0.7900100500126928,0.018860769923776388,1
probability_v2_fisher_kpp,fisher_kpp,16,0.175,41,fisher_kpp_probability_v2_fisher_kpp_obs16_noise175_seed41,0.027366580441594124,0.025973089039325714,0.011139988899230957,0.0005134344100952148,3.0561388007173165e-05,0.0043308955786945345,0.9416365119215019,0.798452230125756,0.841292195818133,0.5836413604596123,0.8600592076483147,0.9088161565769639,0.018860769923776388,1
probability_v2_fisher_kpp,fisher_kpp,16,0.175,42,fisher_kpp_probability_v2_fisher_kpp_obs16_noise175_seed42,0.06712418049573898,0.03760569170117378,0.025132453069090843,0.0012927651405334473,1.53117444974522e-05,0.0031120522038653527,0.9210534365648108,0.5293531237905078,0.29358391222842406,0.8682491720861116,0.2391423669197559,0.7164370439277397,0.018860769923776388,1
probability_v2_fisher_kpp,fisher_kpp,16,0.175,43,fisher_kpp_probability_v2_fisher_kpp_obs16_noise175_seed43,0.04383651912212372,0.06675390899181366,0.018342798575758934,0.0028797388076782227,4.053555091030501e-05,0.0041712332292322156,0.9123266700833911,0.30390429678816844,0.0891189381649768,0.35068913567925775,0.6420149023648528,0.13379421094358648,0.018860769923776388,1
probability_v2_fisher_kpp,fisher_kpp,16,0.175,44,fisher_kpp_probability_v2_fisher_kpp_obs16_noise175_seed44,0.019862845540046692,0.02364414371550083,0.010787690058350563,0.0002391338348388672,3.124042219748957e-05,0.006673177083333333,0.9441563405921375,0.8135431519727339,0.8647288258697706,0.5326803201490969,0.9150510344052778,0.9417124274667902,0.018860769923776388,1
probability_v2_fisher_kpp,fisher_kpp,16,0.175,45,fisher_kpp_probability_v2_fisher_kpp_obs16_noise175_seed45,0.044746097177267075,0.02781057544052601,0.01201610080897808,0.001458585262298584,2.3789796785547313e-05,0.005553791503437369,0.9360691859798251,0.7000540401359853,0.8082487334185828,0.7121448021562129,0.626235299257519,0.6535873257116264,0.018860769923776388,1
probability_v2_fisher_kpp,fisher_kpp,12,0.175,41,fisher_kpp_probability_v2_fisher_kpp_obs12_noise175_seed41,0.061986856162548065,0.051709480583667755,0.01256877277046442,0.00467151403427124,2.63853151769181e-05,0.005021795181745176,0.9183002414976507,0.3269921307805659,0.3156330981702337,0.6700087009538511,0.3157860505311786,0.006540673467000079,0.018860769923776388,1
probability_v2_fisher_kpp,fisher_kpp,12,0.175,42,fisher_kpp_probability_v2_fisher_kpp_obs12_noise175_seed42,0.05540602281689644,0.0488877110183239,0.016227098181843758,0.00243532657623291,1.9349867513769117e-05,0.003414324874459974,0.9218559529989624,0.45752857354081256,0.3293057719643048,0.8180961181819442,0.43019020234047584,0.2525222016765253,0.018860769923776388,1
probability_v2_fisher_kpp,fisher_kpp,12,0.175,43,fisher_kpp_probability_v2_fisher_kpp_obs12_noise175_seed43,0.09545321017503738,0.06649256497621536,0.020213494077324867,0.010698676109313965,5.3196524578000806e-05,0.004288998001164849,0.8897865697437392,0.06799141341352602,0.08030101583151307,0.1552572055370235,0.036407270507977714,1.6177758981769562e-07,0.018860769923776388,1
probability_v2_fisher_kpp,fisher_kpp,12,0.175,44,fisher_kpp_probability_v2_fisher_kpp_obs12_noise175_seed44,0.04579899087548256,0.029847748577594757,0.01178633514791727,0.001054525375366211,6.098596007309562e-06,0.004053449906657921,0.9351880263224915,0.7741874389512836,0.7889818049869596,0.9065974908326658,0.6076302203128219,0.7935402396726873,0.018860769923776388,1
probability_v2_fisher_kpp,fisher_kpp,12,0.175,45,fisher_kpp_probability_v2_fisher_kpp_obs12_noise175_seed45,0.06539842486381531,0.05117179453372955,0.026493355631828308,0.003158390522003174,7.0008523830328e-05,0.005957273653797134,0.9137730900269664,0.13201329558693767,0.13103386880571533,0.047221214119667856,0.26340779288176225,0.08639030654060526,0.018860769923776388,1
probability_v2_fisher_kpp,fisher_kpp,8,0.175,41,fisher_kpp_probability_v2_fisher_kpp_obs8_noise175_seed41,0.024505136534571648,0.03194154053926468,0.013176876120269299,0.0004329085350036621,3.1600927307528496e-05,0.004813130541795962,0.9396407153825709,0.7723388001714336,0.7330274498493754,0.5525344325149355,0.8838872157691333,0.9199061025522904,0.018860769923776388,1
probability_v2_fisher_kpp,fisher_kpp,8,0.175,42,fisher_kpp_probability_v2_fisher_kpp_obs8_noise175_seed42,0.04794391617178917,0.0401177704334259,0.01225207094103098,0.002393484115600586,4.796600995785639e-05,0.004429763218719462,0.9297744925036449,0.41061653747756083,0.5879701104667592,0.21901308456427643,0.5688005545492105,0.26668240032999724,0.018860769923776388,1
probability_v2_fisher_kpp,fisher_kpp,8,0.175,43,fisher_kpp_probability_v2_fisher_kpp_obs8_noise175_seed43,0.10963939875364304,0.04546941816806793,0.022773591801524162,0.009922444820404053,0.00016943363908809774,0.0033580210337476255,0.8950096635645179,0.06771317413848614,0.2578905013469263,5.179676880552537e-05,0.01290976372532031,6.34712892395487e-07,0.018860769923776388,1
probability_v2_fisher_kpp,fisher_kpp,8,0.175,44,fisher_kpp_probability_v2_fisher_kpp_obs8_noise175_seed44,0.04646763578057289,0.03141655772924423,0.02038065530359745,0.0013180375099182129,2.8480804841081315e-05,0.0051165181051072645,0.9320873291518196,0.6105713761484318,0.517082853363722,0.6222466626615017,0.5956467518740265,0.7073092366944772,0.018860769923776388,1
probability_v2_fisher_kpp,fisher_kpp,8,0.175,45,fisher_kpp_probability_v2_fisher_kpp_obs8_noise175_seed45,0.063408263027668,0.05435256287455559,0.03525754436850548,0.00176239013671875,6.916973074639954e-05,0.006572735530439584,0.9096557678769844,0.22724513781037822,0.04168417689233424,0.049075569724229,0.29328099612314135,0.5249398085018083,0.018860769923776388,1
probability_v2_fisher_kpp,fisher_kpp,32,0.2,41,fisher_kpp_probability_v2_fisher_kpp_obs32_noise200_seed41,0.042162347584962845,0.04967767000198364,0.0089679891243577,0.0003389120101928711,3.917721034171452e-05,0.006448970647375083,0.9273872781302696,0.5856250423937472,0.38280614757363113,0.358158230096357,0.6702506074498946,0.9312851844551061,0.018860769923776388,1
probability_v2_fisher_kpp,fisher_kpp,32,0.2,42,fisher_kpp_probability_v2_fisher_kpp_obs32_noise200_seed42,0.046201854944229126,0.0319589264690876,0.01944197714328766,0.0018960237503051758,3.6434615515135284e-05,0.005777575711490399,0.9321034173982443,0.5096039453780687,0.5461040280238265,0.42570741368289966,0.6004246151208261,0.46617972468472246,0.018860769923776388,1
probability_v2_fisher_kpp,fisher_kpp,32,0.2,43,fisher_kpp_probability_v2_fisher_kpp_obs32_noise200_seed43,0.03658488020300865,0.030734894797205925,0.021369365975260735,0.0011175870895385742,4.7924756133957954e-05,0.005995398212760043,0.9348327333725404,0.5567941889484074,0.48604476674149105,0.21120230847243598,0.7551767245830799,0.7747529559966227,0.018860769923776388,1
probability_v2_fisher_kpp,fisher_kpp,32,0.2,44,fisher_kpp_probability_v2_fisher_kpp_obs32_noise200_seed44,0.03380706533789635,0.035979174077510834,0.008898789994418621,0.0018569231033325195,3.405339075724143e-05,0.007512854803692777,0.9364175291877517,0.6126357884435591,0.7222882760195628,0.4533808148140943,0.7915257451267175,0.48334831781386195,0.018860769923776388,1
probability_v2_fisher_kpp,fisher_kpp,32,0.2,45,fisher_kpp_probability_v2_fisher_kpp_obs32_noise200_seed45,0.04231944680213928,0.0268878061324358,0.018706057220697403,0.0013862848281860352,9.32749953784378e-06,0.009618916029674535,0.9353733650909234,0.674658600576883,0.6196310877637994,0.729530359587977,0.6676488955830949,0.6818240593726606,0.018860769923776388,1
probability_v2_fisher_kpp,fisher_kpp,16,0.2,41,fisher_kpp_probability_v2_fisher_kpp_obs16_noise200_seed41,0.030993666499853134,0.02779054082930088,0.012191531248390675,0.0006478428840637207,3.169731266639073e-05,0.0055343172630828216,0.9398534389257647,0.7642331505025177,0.8050830995194319,0.540514176241228,0.824123678760353,0.8872116474890582,0.018860769923776388,1
probability_v2_fisher_kpp,fisher_kpp,16,0.2,42,fisher_kpp_probability_v2_fisher_kpp_obs16_noise200_seed42,0.07638755440711975,0.04140564054250717,0.028551045805215836,0.001676321029663086,1.8194452992441107e-05,0.00399192447192082,0.9142683469137856,0.42572655081042826,0.17969457571422995,0.8248296896119308,0.13585826751944025,0.562523670396112,0.018860769923776388,1
probability_v2_fisher_kpp,fisher_kpp,16,0.2,43,fisher_kpp_probability_v2_fisher_kpp_obs16_noise200_seed43,0.048339396715164185,0.07429982721805573,0.020178979262709618,0.0035741329193115234,4.7176681534957305e-05,0.005404346709816859,0.9037424565393134,0.2191383022362591,0.046135144621968494,0.22539111644475296,0.5615325424963169,0.04349440538199809,0.018860769923776388,1
probability_v2_fisher_kpp,fisher_kpp,16,0.2,44,fisher_kpp_probability_v2_fisher_kpp_obs16_noise200_seed44,0.022402556613087654,0.026434263214468956,0.012291714549064636,0.00030350685119628906,3.8755009260802693e-05,0.00864256901411217,0.9422869310005,0.7464139763043329,0.8160468876914106,0.3353633124884327,0.8990763311977596,0.9351693738397286,0.018860769923776388,1
probability_v2_fisher_kpp,fisher_kpp,16,0.2,45,fisher_kpp_probability_v2_fisher_kpp_obs16_noise200_seed45,0.05123413726687431,0.030729904770851135,0.013363858684897423,0.0019509196281433105,2.7665484485539253e-05,0.0071513541544118665,0.9325759481846413,0.5744743497014667,0.7460384111546582,0.6019132327237608,0.5077265017605064,0.4422192531669414,0.018860769923776388,1
probability_v2_fisher_kpp,fisher_kpp,12,0.2,41,fisher_kpp_probability_v2_fisher_kpp_obs12_noise200_seed41,0.06959057599306107,0.05674934387207031,0.013655146583914757,0.005931854248046875,2.83219259312146e-05,0.0064964619132670395,0.9116138909384721,0.25749857762912665,0.22028875899698144,0.6017813873360874,0.20720924379127492,0.0007149203921627736,0.018860769923776388,1
probability_v2_fisher_kpp,fisher_kpp,12,0.2,42,fisher_kpp_probability_v2_fisher_kpp_obs12_noise200_seed42,0.06242464855313301,0.054957013577222824,0.018483109772205353,0.003119945526123047,2.787323105057405e-05,0.00441212530255867,0.9149144729482124,0.3115537560104566,0.19946323390360887,0.6461108987898504,0.3087552854368287,0.09188560591153853,0.018860769923776388,1
probability_v2_fisher_kpp,fisher_kpp,12,0.2,43,fisher_kpp_probability_v2_fisher_kpp_obs12_noise200_seed43,0.10901164263486862,0.07245656102895737,0.022360851988196373,0.014025092124938965,5.1968567569717964e-05,0.00551106108309772,0.8756726652033648,0.05546059644822745,0.044447285937070716,0.16387322488918413,0.013521874504394994,4.622599677928268e-10,0.018860769923776388,1
probability_v2_fisher_kpp,fisher_kpp,12,0.2,44,fisher_kpp_probability_v2_fisher_kpp_obs12_noise200_seed44,0.05148864537477493,0.03266989067196846,0.013296951539814472,0.0013580322265625,7.512561207477818e-06,0.005264491286196373,0.9319143066801496,0.6982806661803503,0.7193618604263804,0.8782733582078244,0.5029688997578874,0.6925185463293092,0.018860769923776388,1
probability_v2_fisher_kpp,fisher_kpp,12,0.2,45,fisher_kpp_probability_v2_fisher_kpp_obs12_noise200_seed45,0.07468569278717041,0.05710342153906822,0.030285241082310677,0.004231929779052734,9.511091835722019e-05,0.007664310153944292,0.9047295965931895,0.0583592013692364,0.06000696232669581,0.007849162401452364,0.15150374873222286,0.014076932016574558,0.018860769923776388,1
probability_v2_fisher_kpp,fisher_kpp,8,0.2,41,fisher_kpp_probability_v2_fisher_kpp_obs8_noise200_seed41,0.025836875662207603,0.03337540104985237,0.01390598900616169,0.00048100948333740234,3.7269640411004736e-05,0.006244396038084796,0.9385508986409283,0.7206959337015738,0.6947727193596752,0.40130314634987,0.8732689895212244,0.9134388795755256,0.018860769923776388,1
probability_v2_fisher_kpp,fisher_kpp,8,0.2,42,fisher_kpp_probability_v2_fisher_kpp_obs8_noise200_seed42,0.05457969009876251,0.0462593138217926,0.013796868734061718,0.003204941749572754,6.668869938902137e-05,0.00571358787502645,0.9239552503852846,0.2513351752760561,0.42003641576923706,0.059770011144514676,0.44539860506906603,0.08013566912140653,0.018860769923776388,1
probability_v2_fisher_kpp,fisher_kpp,8,0.2,43,fisher_kpp_probability_v2_fisher_kpp_obs8_noise200_seed43,0.1302085667848587,0.05338306725025177,0.023817798122763634,0.014742136001586914,0.0002101159876433309,0.004105732580947853,0.8752242155418526,0.03745455847173576,0.14701420781672833,3.069501106384412e-06,0.0028009564383427396,1.3076558495350028e-10,0.018860769923776388,1
probability_v2_fisher_kpp,fisher_kpp,8,0.2,44,fisher_kpp_probability_v2_fisher_kpp_obs8_noise200_seed44,0.05187268927693367,0.03484238684177399,0.022803112864494324,0.0016071200370788574,3.612303561451001e-05,0.0066634726912842435,0.9282333625184366,0.4758941464241091,0.39447406722315087,0.42106350708642726,0.49578910237846274,0.5922499090083956,0.018860769923776388,1
probability_v2_fisher_kpp,fisher_kpp,8,0.2,45,fisher_kpp_probability_v2_fisher_kpp_obs8_noise200_seed45,0.07312292605638504,0.062495701014995575,0.04001666232943535,0.0023410916328430176,9.310910473865489e-05,0.008420447685121962,0.8981212615779632,0.11874518113573206,0.014011921540297524,0.008713056296100844,0.16714639455671815,0.2851093521498117,0.018860769923776388,1
