epoch,loss_total,objective_total,loss_data,loss_physics,loss_boundary,weight_data,weight_physics,weight_boundary
1.0,5.150905609130859,5.150905609130859,0.21177084743976593,0.5119550824165344,0.25212422013282776,10.0,1.0,10.0
2.0,4.6217241287231445,4.6217241287231445,0.1836480349302292,0.5101308822631836,0.22751125693321228,10.0,1.0,10.0
3.0,4.216955661773682,4.216955661773682,0.15990643203258514,0.5070027112960815,0.21108883619308472,10.0,1.0,10.0
4.0,3.9144647121429443,3.9144647121429443,0.13903842866420746,0.5023753046989441,0.2021705061197281,10.0,1.0,10.0
5.0,3.705435276031494,3.705435276031494,0.12045925855636597,0.4965463876724243,0.20042961835861206,10.0,1.0,10.0
6.0,3.5943007469177246,3.5943007469177246,0.1046304926276207,0.490248441696167,0.20577472448349,10.0,1.0,10.0
7.0,3.582918643951416,3.582918643951416,0.09250330924987793,0.48456910252571106,0.2173316478729248,10.0,1.0,10.0
8.0,3.6430227756500244,3.6430227756500244,0.08457226306200027,0.48058605194091797,0.23167140781879425,10.0,1.0,10.0
9.0,3.7163774967193604,3.7163774967193604,0.08027807623147964,0.4785100817680359,0.24350866675376892,10.0,1.0,10.0
10.0,3.7611355781555176,3.7611355781555176,0.07870132476091385,0.4776671826839447,0.24964553117752075,10.0,1.0,10.0
11.0,3.7649571895599365,3.7649571895599365,0.07893369346857071,0.47743505239486694,0.24981850385665894,10.0,1.0,10.0
12.0,3.732712984085083,3.732712984085083,0.08013957738876343,0.477619469165802,0.24536976218223572,10.0,1.0,10.0
13.0,3.6787989139556885,3.6787989139556885,0.08188536763191223,0.4782816469669342,0.23816636204719543,10.0,1.0,10.0
14.0,3.621006488800049,3.621006488800049,0.08418170362710953,0.47948285937309265,0.22997064888477325,10.0,1.0,10.0
15.0,3.573906421661377,3.573906421661377,0.0871792733669281,0.48115426301956177,0.22209593653678894,10.0,1.0,10.0
16.0,3.5445313453674316,3.5445313453674316,0.09086620062589645,0.483100950717926,0.215276837348938,10.0,1.0,10.0
17.0,3.532301425933838,3.532301425933838,0.09497896581888199,0.4850772023200989,0.2097434550523758,10.0,1.0,10.0
18.0,3.5325732231140137,3.5325732231140137,0.09912604093551636,0.4868665337562561,0.20544463396072388,10.0,1.0,10.0
19.0,3.5402274131774902,3.5402274131774902,0.10293842107057571,0.48831650614738464,0.20225265622138977,10.0,1.0,10.0
20.0,3.5506234169006348,3.5506234169006348,0.10610022395849228,0.4893331527709961,0.20002880692481995,10.0,1.0,10.0
21.0,3.5592141151428223,3.5592141151428223,0.10832872986793518,0.4898660182952881,0.19860608875751495,10.0,1.0,10.0
22.0,3.562173843383789,3.562173843383789,0.10942554473876953,0.48990440368652344,0.1978013962507248,10.0,1.0,10.0
23.0,3.557863235473633,3.557863235473633,0.10936542600393295,0.48947474360466003,0.1974734216928482,10.0,1.0,10.0
24.0,3.5471692085266113,3.5471692085266113,0.10830225050449371,0.48863041400909424,0.1975516378879547,10.0,1.0,10.0
25.0,3.532308340072632,3.532308340072632,0.10648173838853836,0.4874382019042969,0.19800527393817902,10.0,1.0,10.0
26.0,3.5155110359191895,3.5155110359191895,0.10415086895227432,0.485970675945282,0.1988031566143036,10.0,1.0,10.0
27.0,3.498689651489258,3.498689651489258,0.1015264168381691,0.48430493474006653,0.19991207122802734,10.0,1.0,10.0
28.0,3.4837169647216797,3.4837169647216797,0.09880540519952774,0.4825248122215271,0.2013138085603714,10.0,1.0,10.0
29.0,3.472291946411133,3.472291946411133,0.0961635485291481,0.4807211756706238,0.20299354195594788,10.0,1.0,10.0
30.0,3.465176820755005,3.465176820755005,0.09372832626104355,0.4789860248565674,0.20489074289798737,10.0,1.0,10.0
31.0,3.461651563644409,3.461651563644409,0.09156735986471176,0.4774013161659241,0.20685765147209167,10.0,1.0,10.0
32.0,3.4599533081054688,3.4599533081054688,0.08972389996051788,0.47602736949920654,0.20866870880126953,10.0,1.0,10.0
33.0,3.4582533836364746,3.4582533836364746,0.08826367557048798,0.47489529848098755,0.21007214486598969,10.0,1.0,10.0
34.0,3.4551525115966797,3.4551525115966797,0.08727205544710159,0.47400885820388794,0.2108422964811325,10.0,1.0,10.0
35.0,3.449636936187744,3.449636936187744,0.08680768311023712,0.4733509421348572,0.21082091331481934,10.0,1.0,10.0
36.0,3.4412388801574707,3.4412388801574707,0.08687292039394379,0.47289392352104187,0.20996157824993134,10.0,1.0,10.0
37.0,3.430426597595215,3.430426597595215,0.0874224603176117,0.4726082980632782,0.20835936069488525,10.0,1.0,10.0
38.0,3.418503522872925,3.418503522872925,0.08837556838989258,0.47246435284614563,0.2062283605337143,10.0,1.0,10.0
39.0,3.40685772895813,3.40685772895813,0.08961254358291626,0.47242820262908936,0.20383040606975555,10.0,1.0,10.0
40.0,3.3963162899017334,3.3963162899017334,0.09098217636346817,0.4724557101726532,0.20140387117862701,10.0,1.0,10.0
41.0,3.38712739944458,3.38712739944458,0.09233565628528595,0.47249165177345276,0.1991279125213623,10.0,1.0,10.0
42.0,3.3791885375976562,3.3791885375976562,0.0935560092329979,0.4724719524383545,0.19711562991142273,10.0,1.0,10.0
43.0,3.3720223903656006,3.3720223903656006,0.0945531576871872,0.47232985496520996,0.19541609287261963,10.0,1.0,10.0
44.0,3.3647356033325195,3.3647356033325195,0.09524454176425934,0.4720044732093811,0.1940285563468933,10.0,1.0,10.0
45.0,3.3563640117645264,3.3563640117645264,0.09555599838495255,0.4714507758617401,0.19293531775474548,10.0,1.0,10.0
46.0,3.3463706970214844,3.3463706970214844,0.09543965011835098,0.47064730525016785,0.19213269650936127,10.0,1.0,10.0
47.0,3.334749698638916,3.334749698638916,0.09488334506750107,0.4695984125137329,0.19163177907466888,10.0,1.0,10.0
48.0,3.3218023777008057,3.3218023777008057,0.09391281008720398,0.468330979347229,0.1914343386888504,10.0,1.0,10.0
49.0,3.3079938888549805,3.3079938888549805,0.09260113537311554,0.4668869376182556,0.19150954484939575,10.0,1.0,10.0
50.0,3.293893814086914,3.293893814086914,0.09107512980699539,0.46531423926353455,0.1917828470468521,10.0,1.0,10.0
51.0,3.279913902282715,3.279913902282715,0.08949481695890427,0.46365886926651,0.1921306699514389,10.0,1.0,10.0
52.0,3.265993118286133,3.265993118286133,0.08801428973674774,0.46196094155311584,0.19238892197608948,10.0,1.0,10.0
53.0,3.2516560554504395,3.2516560554504395,0.08675288408994675,0.4602559506893158,0.19238711893558502,10.0,1.0,10.0
54.0,3.236325740814209,3.236325740814209,0.08578351885080338,0.4585767686367035,0.19199138879776,10.0,1.0,10.0
55.0,3.2195305824279785,3.2195305824279785,0.08512869477272034,0.45695167779922485,0.1911291778087616,10.0,1.0,10.0
56.0,3.20100474357605,3.20100474357605,0.08476772904396057,0.4553963840007782,0.18979310989379883,10.0,1.0,10.0
57.0,3.1808347702026367,3.1808347702026367,0.08465654402971268,0.45390447974205017,0.1880365014076233,10.0,1.0,10.0
58.0,3.1594159603118896,3.1594159603118896,0.08473701030015945,0.45244115591049194,0.18596047163009644,10.0,1.0,10.0
59.0,3.1371073722839355,3.1371073722839355,0.08492350578308105,0.4509437084197998,0.18369285762310028,10.0,1.0,10.0
60.0,3.1139438152313232,3.1139438152313232,0.08509011566638947,0.44932985305786133,0.1813712865114212,10.0,1.0,10.0
61.0,3.0896215438842773,3.0896215438842773,0.08508013188838959,0.44751036167144775,0.17913097143173218,10.0,1.0,10.0
62.0,3.063596725463867,3.063596725463867,0.08473479747772217,0.4454001486301422,0.17708486318588257,10.0,1.0,10.0
63.0,3.035280704498291,3.035280704498291,0.08393634855747223,0.44292810559272766,0.17529891431331635,10.0,1.0,10.0
64.0,3.0043606758117676,3.0043606758117676,0.08265421539545059,0.4400477707386017,0.17377708852291107,10.0,1.0,10.0
65.0,2.97092866897583,2.97092866897583,0.08096109330654144,0.4367496371269226,0.17245681583881378,10.0,1.0,10.0
66.0,2.9352328777313232,2.9352328777313232,0.07900480926036835,0.4330713748931885,0.1712113320827484,10.0,1.0,10.0
67.0,2.897383213043213,2.897383213043213,0.07695965468883514,0.429097056388855,0.16986894607543945,10.0,1.0,10.0
68.0,2.8571949005126953,2.8571949005126953,0.07497934997081757,0.42493918538093567,0.16824620962142944,10.0,1.0,10.0
69.0,2.8142058849334717,2.8142058849334717,0.07316575199365616,0.42070722579956055,0.16618411242961884,10.0,1.0,10.0
70.0,2.7679836750030518,2.7679836750030518,0.07156450301408768,0.4164762794971466,0.16358622908592224,10.0,1.0,10.0
71.0,2.7184484004974365,2.7184484004974365,0.07016637176275253,0.4122646152973175,0.1604520082473755,10.0,1.0,10.0
72.0,2.6657843589782715,2.6657843589782715,0.068889319896698,0.4080139398574829,0.1568877249956131,10.0,1.0,10.0
73.0,2.610098123550415,2.610098123550415,0.06756547093391418,0.403573215007782,0.15308701992034912,10.0,1.0,10.0
74.0,2.551143169403076,2.551143169403076,0.06597118079662323,0.3987065553665161,0.14927247166633606,10.0,1.0,10.0
75.0,2.4883646965026855,2.4883646965026855,0.06391016393899918,0.3931516110897064,0.14561115205287933,10.0,1.0,10.0
76.0,2.4214072227478027,2.4214072227478027,0.061317864805459976,0.38672831654548645,0.14215002954006195,10.0,1.0,10.0
77.0,2.3504514694213867,2.3504514694213867,0.058305419981479645,0.37944120168685913,0.1387956142425537,10.0,1.0,10.0
78.0,2.275907516479492,2.275907516479492,0.05510294809937477,0.37150272727012634,0.13533753156661987,10.0,1.0,10.0
79.0,2.1979317665100098,2.1979317665100098,0.05195001885294914,0.36325088143348694,0.13151806592941284,10.0,1.0,10.0
80.0,2.1163675785064697,2.1163675785064697,0.049002375453710556,0.35500872135162354,0.12713351845741272,10.0,1.0,10.0
81.0,2.031287908554077,2.031287908554077,0.04629528149962425,0.3469539284706116,0.122138112783432,10.0,1.0,10.0
82.0,1.9432607889175415,1.9432607889175415,0.04373173788189888,0.33901214599609375,0.11669312417507172,10.0,1.0,10.0
83.0,1.8527801036834717,1.8527801036834717,0.041089821606874466,0.33079564571380615,0.11110862344503403,10.0,1.0,10.0
84.0,1.7598949670791626,1.7598949670791626,0.03812868148088455,0.32173165678977966,0.10568765550851822,10.0,1.0,10.0
85.0,1.6647804975509644,1.6647804975509644,0.03477824479341507,0.3114674985408783,0.10055306553840637,10.0,1.0,10.0
86.0,1.5683085918426514,1.5683085918426514,0.031236832961440086,0.3002815246582031,0.09556587040424347,10.0,1.0,10.0
87.0,1.4713637828826904,1.4713637828826904,0.02783929742872715,0.28903520107269287,0.09039356559515,10.0,1.0,10.0
88.0,1.3743531703948975,1.3743531703948975,0.024819180369377136,0.27856653928756714,0.08475948870182037,10.0,1.0,10.0
89.0,1.2779626846313477,1.2779626846313477,0.022180162370204926,0.2690533995628357,0.07871076464653015,10.0,1.0,10.0
90.0,1.1833289861679077,1.1833289861679077,0.019734658300876617,0.2599250078201294,0.07260574400424957,10.0,1.0,10.0
91.0,1.0910876989364624,1.0910876989364624,0.0172518789768219,0.2502829134464264,0.06682859361171722,10.0,1.0,10.0
92.0,1.0018725395202637,1.0018725395202637,0.014698674902319908,0.23968258500099182,0.061520323157310486,10.0,1.0,10.0
93.0,0.916982114315033,0.916982114315033,0.01232832670211792,0.22891969978809357,0.05647791549563408,10.0,1.0,10.0
94.0,0.8372579216957092,0.8372579216957092,0.010433021932840347,0.21971149742603302,0.05132162198424339,10.0,1.0,10.0
95.0,0.763391375541687,0.763391375541687,0.009053136222064495,0.21280688047409058,0.04600531607866287,10.0,1.0,10.0
96.0,0.6965360045433044,0.6965360045433044,0.007981574162840843,0.20700494945049286,0.040971528738737106,10.0,1.0,10.0
97.0,0.6371412873268127,0.6371412873268127,0.007034254726022482,0.20101231336593628,0.036578644067049026,10.0,1.0,10.0
98.0,0.5859204530715942,0.5859204530715942,0.006303942296653986,0.19528698921203613,0.0327594056725502,10.0,1.0,10.0
99.0,0.5434236526489258,0.5434236526489258,0.0059960102662444115,0.19164177775382996,0.029182180762290955,10.0,1.0,10.0
100.0,0.5095402598381042,0.5095402598381042,0.006105105392634869,0.19114060699939728,0.025734860450029373,10.0,1.0,10.0
101.0,0.48431235551834106,0.48431235551834106,0.006439134478569031,0.19177697598934174,0.02281440608203411,10.0,1.0,10.0
102.0,0.4668042063713074,0.4668042063713074,0.006887583062052727,0.19181454181671143,0.02061138115823269,10.0,1.0,10.0
103.0,0.4562520980834961,0.4562520980834961,0.00751081295311451,0.19264130294322968,0.018850266933441162,10.0,1.0,10.0
104.0,0.4508989453315735,0.4508989453315735,0.008256254717707634,0.19535641372203827,0.017297998070716858,10.0,1.0,10.0
105.0,0.4491351842880249,0.4491351842880249,0.008982564322650433,0.1982598453760147,0.01610497012734413,10.0,1.0,10.0
106.0,0.44872456789016724,0.44872456789016724,0.009605258703231812,0.19804535806179047,0.015462659299373627,10.0,1.0,10.0
107.0,0.44837486743927,0.44837486743927,0.010115670040249825,0.19805480539798737,0.014916337095201015,10.0,1.0,10.0
108.0,0.44860848784446716,0.44860848784446716,0.010506990365684032,0.19488316774368286,0.014865540899336338,10.0,1.0,10.0
109.0,0.4505511224269867,0.4505511224269867,0.010941234417259693,0.19590601325035095,0.014523277059197426,10.0,1.0,10.0
110.0,0.43813467025756836,0.43813467025756836,0.010567986406385899,0.1836366057395935,0.014881820417940617,10.0,1.0,10.0
111.0,0.41242197155952454,0.41242197155952454,0.009517645463347435,0.17696112394332886,0.014028439298272133,10.0,1.0,10.0
112.0,0.4020128548145294,0.4020128548145294,0.009226326830685139,0.1701507717370987,0.013959880918264389,10.0,1.0,10.0
113.0,0.3809356093406677,0.3809356093406677,0.008325943723320961,0.15493366122245789,0.014274252578616142,10.0,1.0,10.0
114.0,0.35241687297821045,0.35241687297821045,0.007112445775419474,0.1439422369003296,0.013735015876591206,10.0,1.0,10.0
115.0,0.337915301322937,0.337915301322937,0.006689004600048065,0.13517458736896515,0.01358506828546524,10.0,1.0,10.0
116.0,0.3125370144844055,0.3125370144844055,0.0054010506719350815,0.11977784335613251,0.013874867931008339,10.0,1.0,10.0
117.0,0.2948042154312134,0.2948042154312134,0.004667871631681919,0.10953860729932785,0.01385868713259697,10.0,1.0,10.0
118.0,0.2827494144439697,0.2827494144439697,0.004506614990532398,0.10348518937826157,0.013419806025922298,10.0,1.0,10.0
119.0,0.26603978872299194,0.26603978872299194,0.0036094654351472855,0.09230992943048477,0.013763519935309887,10.0,1.0,10.0
120.0,0.2608858048915863,0.2608858048915863,0.003316675079986453,0.08395149558782578,0.014376755803823471,10.0,1.0,10.0
121.0,0.25114715099334717,0.25114715099334717,0.0034063744824379683,0.08115899562835693,0.013592440634965897,10.0,1.0,10.0
122.0,0.24480131268501282,0.24480131268501282,0.0033114247489720583,0.07614825665950775,0.013553881086409092,10.0,1.0,10.0
123.0,0.2401457279920578,0.2401457279920578,0.0029500480741262436,0.06928695738315582,0.014135828241705894,10.0,1.0,10.0
124.0,0.23023077845573425,0.23023077845573425,0.0029479514341801405,0.06690395623445511,0.013384731486439705,10.0,1.0,10.0
125.0,0.2244967222213745,0.2244967222213745,0.0032143411226570606,0.06563262641429901,0.012672067619860172,10.0,1.0,10.0
126.0,0.21352963149547577,0.21352963149547577,0.002725595375522971,0.06093693897128105,0.012533673085272312,10.0,1.0,10.0
127.0,0.2034655511379242,0.2034655511379242,0.002585247391834855,0.058773428201675415,0.011883964762091637,10.0,1.0,10.0
128.0,0.19435760378837585,0.19435760378837585,0.0027272403240203857,0.059191346168518066,0.010789385065436363,10.0,1.0,10.0
129.0,0.18281404674053192,0.18281404674053192,0.002390885027125478,0.05718516930937767,0.010172002948820591,10.0,1.0,10.0
130.0,0.1755346953868866,0.1755346953868866,0.0023345595691353083,0.05648939684033394,0.009569970890879631,10.0,1.0,10.0
131.0,0.16756859421730042,0.16756859421730042,0.002410097047686577,0.05842876434326172,0.008503885939717293,10.0,1.0,10.0
132.0,0.16071440279483795,0.16071440279483795,0.0023511676117777824,0.05852242186665535,0.007868031039834023,10.0,1.0,10.0
133.0,0.1567000150680542,0.1567000150680542,0.002410061890259385,0.0582968145608902,0.0074302577413618565,10.0,1.0,10.0
134.0,0.15103566646575928,0.15103566646575928,0.002451801672577858,0.05980655178427696,0.006671109236776829,10.0,1.0,10.0
135.0,0.14624537527561188,0.14624537527561188,0.0024673347361385822,0.059465665370225906,0.006210636347532272,10.0,1.0,10.0
136.0,0.14198929071426392,0.14198929071426392,0.0024847828317433596,0.0576108917593956,0.005953056737780571,10.0,1.0,10.0
137.0,0.1356152594089508,0.1356152594089508,0.0024066909682005644,0.05648001655936241,0.005506832152605057,10.0,1.0,10.0
138.0,0.1295524537563324,0.1295524537563324,0.002324901521205902,0.05392327159643173,0.005238017067313194,10.0,1.0,10.0
139.0,0.12415321916341782,0.12415321916341782,0.002242747927084565,0.050436701625585556,0.005128903780132532,10.0,1.0,10.0
140.0,0.11792834848165512,0.11792834848165512,0.002156476490199566,0.04772620275616646,0.0048637380823493,10.0,1.0,10.0
141.0,0.11246488988399506,0.11246488988399506,0.0020546589512377977,0.04443347826600075,0.004748482722789049,10.0,1.0,10.0
142.0,0.10876020789146423,0.10876020789146423,0.002008391311392188,0.04153141379356384,0.00471448851749301,10.0,1.0,10.0
143.0,0.10548706352710724,0.10548706352710724,0.002079298021271825,0.039635781198740005,0.004505829885601997,10.0,1.0,10.0
144.0,0.10231119394302368,0.10231119394302368,0.0020056345965713263,0.03754173591732979,0.004471311345696449,10.0,1.0,10.0
145.0,0.09996749460697174,0.09996749460697174,0.0020342888310551643,0.036262765526771545,0.00433618389070034,10.0,1.0,10.0
146.0,0.09808993339538574,0.09808993339538574,0.0021444896701723337,0.03553681820631027,0.0041108219884335995,10.0,1.0,10.0
147.0,0.09570594131946564,0.09570594131946564,0.002061811974272132,0.03475700691342354,0.004033081233501434,10.0,1.0,10.0
148.0,0.09273917973041534,0.09273917973041534,0.0021060737781226635,0.03442815691232681,0.003725027898326516,10.0,1.0,10.0
149.0,0.08981005847454071,0.08981005847454071,0.002052078489214182,0.03422027826309204,0.003506900044158101,10.0,1.0,10.0
150.0,0.08728472888469696,0.08728472888469696,0.0020108679309487343,0.03423740342259407,0.003293864894658327,10.0,1.0,10.0
151.0,0.08505654335021973,0.08505654335021973,0.002046365523710847,0.03437529504299164,0.0030217592138797045,10.0,1.0,10.0
152.0,0.08295248448848724,0.08295248448848724,0.0019660338293761015,0.03461742028594017,0.0028674721252173185,10.0,1.0,10.0
153.0,0.08095172047615051,0.08095172047615051,0.0019920598715543747,0.03472403809428215,0.0026307087391614914,10.0,1.0,10.0
154.0,0.07910511642694473,0.07910511642694473,0.001939196023158729,0.03480583056807518,0.002490732818841934,10.0,1.0,10.0
155.0,0.07740771770477295,0.07740771770477295,0.0019295066595077515,0.034568920731544495,0.002354373224079609,10.0,1.0,10.0
156.0,0.07578277587890625,0.07578277587890625,0.0019116613548249006,0.03407644107937813,0.0022589722648262978,10.0,1.0,10.0
157.0,0.07416391372680664,0.07416391372680664,0.001883933087810874,0.03333823382854462,0.0021986353676766157,10.0,1.0,10.0
158.0,0.07255510985851288,0.07255510985851288,0.001880123047158122,0.032229915261268616,0.0021523963660001755,10.0,1.0,10.0
159.0,0.07103019207715988,0.07103019207715988,0.0018432667711749673,0.031130017712712288,0.002146750455722213,10.0,1.0,10.0
160.0,0.06970437616109848,0.06970437616109848,0.0018668376142159104,0.029765140265226364,0.0021270860452204943,10.0,1.0,10.0
161.0,0.06867926567792892,0.06867926567792892,0.0018357753288000822,0.028653845191001892,0.002166766906157136,10.0,1.0,10.0
162.0,0.06806681305170059,0.06806681305170059,0.0019087432883679867,0.027487216517329216,0.0021492158994078636,10.0,1.0,10.0
163.0,0.06795136630535126,0.06795136630535126,0.0018906960031017661,0.02664802595973015,0.002239637542515993,10.0,1.0,10.0
164.0,0.06843822449445724,0.06843822449445724,0.0020427268464118242,0.025950811803340912,0.002206014236435294,10.0,1.0,10.0
165.0,0.06928850710391998,0.06928850710391998,0.002039574086666107,0.025451328605413437,0.00234414404258132,10.0,1.0,10.0
166.0,0.06969313323497772,0.06969313323497772,0.0021965468768030405,0.02518388256430626,0.0022543780505657196,10.0,1.0,10.0
167.0,0.06795363873243332,0.06795363873243332,0.002072669565677643,0.024608947336673737,0.0022617997601628304,10.0,1.0,10.0
168.0,0.06376740336418152,0.06376740336418152,0.001953332219272852,0.024172578006982803,0.0020061503164470196,10.0,1.0,10.0
169.0,0.05934951454401016,0.05934951454401016,0.0017456954810768366,0.023510750383138657,0.0018381811678409576,10.0,1.0,10.0
170.0,0.05753118544816971,0.05753118544816971,0.0016982138622552156,0.023240622133016586,0.001730842748656869,10.0,1.0,10.0
171.0,0.05838654190301895,0.05838654190301895,0.001777932164259255,0.02325209230184555,0.0017355128657072783,10.0,1.0,10.0
172.0,0.05978401005268097,0.05978401005268097,0.001897407928481698,0.023046817630529404,0.0017763114301487803,10.0,1.0,10.0
173.0,0.05956939607858658,0.05956939607858658,0.0019007290247827768,0.02291259914636612,0.001764950924552977,10.0,1.0,10.0
174.0,0.05710923299193382,0.05710923299193382,0.0018429580377414823,0.022097529843449593,0.0016582119278609753,10.0,1.0,10.0
175.0,0.0540984645485878,0.0540984645485878,0.00170448562130332,0.021437764167785645,0.0015615841839462519,10.0,1.0,10.0
176.0,0.052573442459106445,0.052573442459106445,0.0016694689402356744,0.02069353498518467,0.0015185218071565032,10.0,1.0,10.0
177.0,0.0528382882475853,0.0528382882475853,0.001727246679365635,0.02005814015865326,0.001550768269225955,10.0,1.0,10.0
178.0,0.05359895899891853,0.05359895899891853,0.00177589594386518,0.019677717238664627,0.0016162279061973095,10.0,1.0,10.0
179.0,0.05342278629541397,0.05342278629541397,0.0018232200527563691,0.018870051950216293,0.001632053405046463,10.0,1.0,10.0
180.0,0.05194197595119476,0.05194197595119476,0.0017558432882651687,0.01838024891912937,0.0016003295313566923,10.0,1.0,10.0
181.0,0.04994954541325569,0.04994954541325569,0.0016989036230370402,0.017538385465741158,0.001542212557978928,10.0,1.0,10.0
182.0,0.04861872270703316,0.04861872270703316,0.0016521982615813613,0.01705913618206978,0.0015037604607641697,10.0,1.0,10.0
183.0,0.04833725839853287,0.04833725839853287,0.0016615228960290551,0.016715431585907936,0.0015006597386673093,10.0,1.0,10.0
184.0,0.048619791865348816,0.048619791865348816,0.0017140184063464403,0.016346942633390427,0.0015132667031139135,10.0,1.0,10.0
185.0,0.048734262585639954,0.048734262585639954,0.0017244102200493217,0.016311947256326675,0.0015178208705037832,10.0,1.0,10.0
186.0,0.04821307957172394,0.04821307957172394,0.001749513205140829,0.015890564769506454,0.0014827381819486618,10.0,1.0,10.0
187.0,0.04711516946554184,0.04711516946554184,0.0016907816752791405,0.01580842025578022,0.0014398933853954077,10.0,1.0,10.0
188.0,0.045839592814445496,0.045839592814445496,0.0016750087961554527,0.015411129221320152,0.001367837656289339,10.0,1.0,10.0
189.0,0.04484114050865173,0.04484114050865173,0.0016337214037775993,0.015248053707182407,0.0013255871599540114,10.0,1.0,10.0
190.0,0.044302798807621,0.044302798807621,0.0016315574757754803,0.015032441355288029,0.0012954783160239458,10.0,1.0,10.0
191.0,0.044132933020591736,0.044132933020591736,0.0016588132129982114,0.014782223850488663,0.0012762576807290316,10.0,1.0,10.0
192.0,0.044122472405433655,0.044122472405433655,0.0016547618433833122,0.014694192446768284,0.0012880661524832249,10.0,1.0,10.0
193.0,0.04407794773578644,0.04407794773578644,0.001710948534309864,0.014294915832579136,0.0012673544697463512,10.0,1.0,10.0
194.0,0.04389198124408722,0.04389198124408722,0.0016802652971819043,0.014227496460080147,0.0012861829018220305,10.0,1.0,10.0
195.0,0.04350951686501503,0.04350951686501503,0.0017288252711296082,0.013699277304112911,0.0012521985918283463,10.0,1.0,10.0
196.0,0.04295811802148819,0.04295811802148819,0.0016765783075243235,0.013619265519082546,0.0012573071289807558,10.0,1.0,10.0
197.0,0.04227953404188156,0.04227953404188156,0.0017068738816305995,0.013056647963821888,0.0012154148425906897,10.0,1.0,10.0
198.0,0.041558392345905304,0.041558392345905304,0.0016538617201149464,0.012962671928107738,0.0012057104613631964,10.0,1.0,10.0
199.0,0.04085444286465645,0.04085444286465645,0.0016715051606297493,0.012480457313358784,0.0011658933945000172,10.0,1.0,10.0
200.0,0.040216635912656784,0.040216635912656784,0.0016356895212084055,0.012373693287372589,0.001148604671470821,10.0,1.0,10.0
201.0,0.03965675085783005,0.03965675085783005,0.0016477860044687986,0.01202635932713747,0.0011152533115819097,10.0,1.0,10.0
202.0,0.039170268923044205,0.039170268923044205,0.001631591934710741,0.01190478727221489,0.0010949564166367054,10.0,1.0,10.0
203.0,0.03874078392982483,0.03874078392982483,0.001639008172787726,0.011676901951432228,0.0010673798387870193,10.0,1.0,10.0
204.0,0.03835313394665718,0.03835313394665718,0.0016373861581087112,0.011530006304383278,0.0010449265828356147,10.0,1.0,10.0
205.0,0.03799654170870781,0.03799654170870781,0.001638860092498362,0.011380144394934177,0.001022779499180615,10.0,1.0,10.0
206.0,0.037667032331228256,0.037667032331228256,0.001647954573854804,0.011196162551641464,0.0009991322876885533,10.0,1.0,10.0
207.0,0.037369661033153534,0.037369661033153534,0.0016430480172857642,0.011090626008808613,0.0009848552290350199,10.0,1.0,10.0
208.0,0.03712321072816849,0.03712321072816849,0.001665074611082673,0.010855229571461678,0.0009617236210033298,10.0,1.0,10.0
209.0,0.03697606176137924,0.03697606176137924,0.0016544745303690434,0.010806591250002384,0.0009624725207686424,10.0,1.0,10.0
210.0,0.037037692964076996,0.037037692964076996,0.001707815914414823,0.010505152866244316,0.0009454378741793334,10.0,1.0,10.0
211.0,0.03756387531757355,0.03756387531757355,0.001706012524664402,0.010626880452036858,0.0009876869153231382,10.0,1.0,10.0
212.0,0.039097703993320465,0.039097703993320465,0.0018673230661079288,0.01030059065669775,0.001012388034723699,10.0,1.0,10.0
213.0,0.042720727622509,0.042720727622509,0.0019697598181664944,0.01098927017301321,0.0012033858802169561,10.0,1.0,10.0
214.0,0.049595896154642105,0.049595896154642105,0.0024685924872756004,0.010882803238928318,0.0014027166180312634,10.0,1.0,10.0
215.0,0.05854855477809906,0.05854855477809906,0.002757864538580179,0.012555237859487534,0.0018414669902995229,10.0,1.0,10.0
216.0,0.06004685163497925,0.06004685163497925,0.003050817409530282,0.011567768640816212,0.0017970908666029572,10.0,1.0,10.0
217.0,0.04718172550201416,0.04718172550201416,0.0022412091493606567,0.011006515473127365,0.0013763117603957653,10.0,1.0,10.0
218.0,0.0345127247273922,0.0345127247273922,0.0016996227204799652,0.009118501096963882,0.0008397995843552053,10.0,1.0,10.0
219.0,0.03905549272894859,0.03905549272894859,0.0019746609032154083,0.009321542456746101,0.0009987340308725834,10.0,1.0,10.0
220.0,0.0482364296913147,0.0482364296913147,0.0023275413550436497,0.01085486076772213,0.001410615281201899,10.0,1.0,10.0
221.0,0.043144483119249344,0.043144483119249344,0.002225700533017516,0.009489706717431545,0.00113977724686265,10.0,1.0,10.0
222.0,0.033612772822380066,0.033612772822380066,0.0016764318570494652,0.008831665851175785,0.0008016786305233836,10.0,1.0,10.0
223.0,0.036793142557144165,0.036793142557144165,0.0018216106109321117,0.00923891831189394,0.0009338117088191211,10.0,1.0,10.0
224.0,0.042465634644031525,0.042465634644031525,0.002230177167803049,0.009203167632222176,0.0010960698127746582,10.0,1.0,10.0
225.0,0.03735841065645218,0.03735841065645218,0.0018677001353353262,0.00918077677488327,0.0009500629967078567,10.0,1.0,10.0
226.0,0.03237365558743477,0.03237365558743477,0.0016732898075133562,0.00834912434220314,0.0007291634101420641,10.0,1.0,10.0
227.0,0.036544445902109146,0.036544445902109146,0.0019441904732957482,0.008462011814117432,0.0008640528540126979,10.0,1.0,10.0
228.0,0.03830563277006149,0.03830563277006149,0.0019414274720475078,0.00907609611749649,0.000981526100076735,10.0,1.0,10.0
229.0,0.03322535380721092,0.03322535380721092,0.0017786059761419892,0.008035878650844097,0.0007403413183055818,10.0,1.0,10.0
230.0,0.03229457885026932,0.03229457885026932,0.0017334106378257275,0.007888894528150558,0.0007071578875184059,10.0,1.0,10.0
231.0,0.03574811667203903,0.03574811667203903,0.0018540137680247426,0.008484982885420322,0.0008722995989955962,10.0,1.0,10.0
232.0,0.03450365364551544,0.03450365364551544,0.0018881335854530334,0.007822621613740921,0.0007799694431014359,10.0,1.0,10.0
233.0,0.031225334852933884,0.031225334852933884,0.0016845990903675556,0.007630766835063696,0.0006748577579855919,10.0,1.0,10.0
234.0,0.03245772421360016,0.03245772421360016,0.0017368652625009418,0.007777855731546879,0.0007311217486858368,10.0,1.0,10.0
235.0,0.03401543200016022,0.03401543200016022,0.0018924918258562684,0.007516725454479456,0.0007573790499009192,10.0,1.0,10.0
236.0,0.03186241537332535,0.03186241537332535,0.0017284031491726637,0.007546752225607634,0.0007031629793345928,10.0,1.0,10.0
237.0,0.030557306483387947,0.030557306483387947,0.0016901018097996712,0.007244066335260868,0.0006412221700884402,10.0,1.0,10.0
238.0,0.03208254277706146,0.03208254277706146,0.0018116626888513565,0.007160337176173925,0.0006805578013882041,10.0,1.0,10.0
239.0,0.03218591958284378,0.03218591958284378,0.001764349639415741,0.007420626934617758,0.0007121796952560544,10.0,1.0,10.0
240.0,0.030373651534318924,0.030373651534318924,0.0017255484126508236,0.00695021590217948,0.0006167949177324772,10.0,1.0,10.0
241.0,0.030222149565815926,0.030222149565815926,0.0017261796165257692,0.0068808626383543015,0.0006079490995034575,10.0,1.0,10.0
242.0,0.031265661120414734,0.031265661120414734,0.001746371272020042,0.007138617802411318,0.0006663331296294928,10.0,1.0,10.0
243.0,0.03073396161198616,0.03073396161198616,0.001779473153874278,0.006777639500796795,0.0006161589990369976,10.0,1.0,10.0
244.0,0.029561594128608704,0.029561594128608704,0.0016982818488031626,0.006746828090399504,0.0005831946618855,10.0,1.0,10.0
245.0,0.029788561165332794,0.029788561165332794,0.001707895309664309,0.006764681544154882,0.0005944926524534822,10.0,1.0,10.0
246.0,0.030342938378453255,0.030342938378453255,0.0017827112460508943,0.006582372356206179,0.0005933454376645386,10.0,1.0,10.0
247.0,0.02974517084658146,0.02974517084658146,0.0017167356563732028,0.0066751958802342415,0.0005902620614506304,10.0,1.0,10.0
248.0,0.029015669599175453,0.029015669599175453,0.001707376097328961,0.006446055136620998,0.0005495851510204375,10.0,1.0,10.0
249.0,0.029244747012853622,0.029244747012853622,0.0017378806369379163,0.006360711995512247,0.0005505228764377534,10.0,1.0,10.0
250.0,0.02953515201807022,0.02953515201807022,0.0017245565541088581,0.006510443985462189,0.0005779142957180738,10.0,1.0,10.0
251.0,0.029061034321784973,0.029061034321784973,0.0017429335275664926,0.006236119195818901,0.0005395580665208399,10.0,1.0,10.0
252.0,0.02855832129716873,0.02855832129716873,0.0017074189381673932,0.006216081790626049,0.0005268048262223601,10.0,1.0,10.0
253.0,0.028678584843873978,0.028678584843873978,0.0017099158139899373,0.006232899148017168,0.0005346526741050184,10.0,1.0,10.0
254.0,0.02885783091187477,0.02885783091187477,0.0017541502602398396,0.00606693048030138,0.0005249400273896754,10.0,1.0,10.0
255.0,0.028551246970891953,0.028551246970891953,0.001714052865281701,0.0061439876444637775,0.0005266732769086957,10.0,1.0,10.0
256.0,0.028156664222478867,0.028156664222478867,0.0017166825709864497,0.00598240178078413,0.0005007439176551998,10.0,1.0,10.0
257.0,0.028149621561169624,0.028149621561169624,0.0017271898686885834,0.0059204138815402985,0.0004957308992743492,10.0,1.0,10.0
258.0,0.028278779238462448,0.028278779238462448,0.001717451959848404,0.006005462259054184,0.0005098797846585512,10.0,1.0,10.0
259.0,0.028128687292337418,0.028128687292337418,0.0017426384147256613,0.005823743063956499,0.0004878559848293662,10.0,1.0,10.0
260.0,0.027817603200674057,0.027817603200674057,0.001713773817755282,0.0058469162322580814,0.0004832950362470001,10.0,1.0,10.0
261.0,0.027695760130882263,0.027695760130882263,0.0017153036314994097,0.005789194256067276,0.00047535295016132295,10.0,1.0,10.0
262.0,0.0277591273188591,0.0277591273188591,0.0017376739997416735,0.005696899723261595,0.0004685486783273518,10.0,1.0,10.0
263.0,0.02773267775774002,0.02773267775774002,0.001719116815365851,0.005768541246652603,0.0004772969405166805,10.0,1.0,10.0
264.0,0.0275329127907753,0.0275329127907753,0.0017345095984637737,0.005617409944534302,0.000457040558103472,10.0,1.0,10.0
265.0,0.02734661102294922,0.02734661102294922,0.0017199782887473702,0.005613603163510561,0.00045332263107411563,10.0,1.0,10.0
266.0,0.027306856587529182,0.027306856587529182,0.0017190342769026756,0.005596199072897434,0.0004520313232205808,10.0,1.0,10.0
267.0,0.027322381734848022,0.027322381734848022,0.001739161554723978,0.005497957579791546,0.0004432808782439679,10.0,1.0,10.0
268.0,0.027250757440924644,0.027250757440924644,0.001721091684885323,0.005550953559577465,0.00044888866250403225,10.0,1.0,10.0
269.0,0.027095604687929153,0.027095604687929153,0.0017332707066088915,0.005432582460343838,0.0004330315568950027,10.0,1.0,10.0
270.0,0.026969393715262413,0.026969393715262413,0.0017243693582713604,0.005424336064606905,0.0004301364242564887,10.0,1.0,10.0
271.0,0.026927607133984566,0.026927607133984566,0.001722798217087984,0.005411450285464525,0.00042881767149083316,10.0,1.0,10.0
272.0,0.026914969086647034,0.026914969086647034,0.0017382355872541666,0.005329417996108532,0.00042031973134726286,10.0,1.0,10.0
273.0,0.02685633674263954,0.02685633674263954,0.0017237773863598704,0.005372963380068541,0.0004245600721333176,10.0,1.0,10.0
274.0,0.026747167110443115,0.026747167110443115,0.0017358908662572503,0.005274482071399689,0.00041137775406241417,10.0,1.0,10.0
275.0,0.02664172276854515,0.02664172276854515,0.0017266818322241306,0.005278389435261488,0.0004096516058780253,10.0,1.0,10.0
276.0,0.02658051624894142,0.02658051624894142,0.0017272110562771559,0.005251772701740265,0.00040566324605606496,10.0,1.0,10.0
277.0,0.026551157236099243,0.026551157236099243,0.00173667271155864,0.005194366443902254,0.00039900632691569626,10.0,1.0,10.0
278.0,0.02651391178369522,0.02651391178369522,0.0017266562208533287,0.005225829780101776,0.00040215207263827324,10.0,1.0,10.0
279.0,0.026446927338838577,0.026446927338838577,0.0017393797170370817,0.005140089895576239,0.00039130396908149123,10.0,1.0,10.0
280.0,0.02636244148015976,0.02636244148015976,0.0017284546047449112,0.005158977583050728,0.00039189186645671725,10.0,1.0,10.0
281.0,0.026286903768777847,0.026286903768777847,0.0017332634888589382,0.005107280798256397,0.00038469870924018323,10.0,1.0,10.0
282.0,0.026234256103634834,0.026234256103634834,0.0017342930659651756,0.00508092949166894,0.0003810396301560104,10.0,1.0,10.0
283.0,0.026197485625743866,0.026197485625743866,0.0017301840707659721,0.005084027070552111,0.00038116180803626776,10.0,1.0,10.0
284.0,0.02615961991250515,0.02615961991250515,0.0017403240781277418,0.005020171403884888,0.0003736207145266235,10.0,1.0,10.0
285.0,0.02610953524708748,0.02610953524708748,0.0017306889640167356,0.005044848658144474,0.00037577972398139536,10.0,1.0,10.0
286.0,0.02604837343096733,0.02604837343096733,0.0017399420030415058,0.004977151285856962,0.00036718021146953106,10.0,1.0,10.0
287.0,0.02598537877202034,0.02598537877202034,0.0017328860703855753,0.004985741339623928,0.00036707782419398427,10.0,1.0,10.0
288.0,0.02592952735722065,0.02592952735722065,0.0017362500075250864,0.00494800042361021,0.00036190287210047245,10.0,1.0,10.0
289.0,0.025883758440613747,0.025883758440613747,0.0017371965805068612,0.004925291985273361,0.00035865011159330606,10.0,1.0,10.0
290.0,0.025845039635896683,0.025845039635896683,0.0017342253122478724,0.004923766013234854,0.0003579020267352462,10.0,1.0,10.0
291.0,0.025807801634073257,0.025807801634073257,0.0017413184978067875,0.004875659942626953,0.0003518958401400596,10.0,1.0,10.0
292.0,0.025767769664525986,0.025767769664525986,0.0017342385835945606,0.004893187899142504,0.00035321980249136686,10.0,1.0,10.0
293.0,0.02572345733642578,0.02572345733642578,0.0017426416743546724,0.004836874082684517,0.0003460167208686471,10.0,1.0,10.0
294.0,0.025676056742668152,0.025676056742668152,0.0017353063449263573,0.004853260703384876,0.0003469732473604381,10.0,1.0,10.0
295.0,0.02562810108065605,0.02562810108065605,0.0017415103502571583,0.004805933218449354,0.0003407065523788333,10.0,1.0,10.0
296.0,0.025581859052181244,0.025581859052181244,0.0017371972789987922,0.004808572120964527,0.00034013137337751687,10.0,1.0,10.0
297.0,0.02553851716220379,0.02553851716220379,0.0017397894989699125,0.004779658280313015,0.00033609618549235165,10.0,1.0,10.0
298.0,0.025498338043689728,0.025498338043689728,0.0017396269831806421,0.004764656536281109,0.00033374130725860596,10.0,1.0,10.0
299.0,0.025460725650191307,0.025460725650191307,0.0017386209219694138,0.004754506051540375,0.000332001072820276,10.0,1.0,10.0
300.0,0.025424856692552567,0.025424856692552567,0.0017419876530766487,0.004724287427961826,0.0003280692617408931,10.0,1.0,10.0
