experiment_name,case,label,budget_name,num_observation,noise_std,seed,run_name,epochs,num_collocation,num_boundary,rel_l2,reliability_raw,physics_rms,boundary_rms,structure_error,loss_std,loss_ratio,physics_consistency,training_stability,numerical_accuracy,structural_stability,threshold_rel_l2,crosses_threshold
budget_control_v1,poisson,stable_noisy_obs64_noise020,baseline_budget,64,0.2,51,poisson_stable_noisy_obs64_noise020_baseline_budget_seed51,500,2048,256,0.09183266013860703,0.747639721357494,0.1751275211572647,0.08669856935739517,0.0007140636444091797,0.0008551481877069725,0.0014247986516067914,0.24039905567165729,0.9513399029347182,0.8424105668284514,0.9564093599951495,0.170778,0
budget_control_v1,poisson,stable_noisy_obs64_noise020,baseline_budget,64,0.2,52,poisson_stable_noisy_obs64_noise020_baseline_budget_seed52,500,2048,256,0.0922723338007927,0.7531057518605218,0.1671914905309677,0.08890275657176971,0.0010573267936706543,0.0008697094738981104,0.001556369462816225,0.26352787243390435,0.9512041797837609,0.8415039097765731,0.9561870454478492,0.170778,0
budget_control_v1,poisson,stable_noisy_obs64_noise020,baseline_budget,64,0.2,53,poisson_stable_noisy_obs64_noise020_baseline_budget_seed53,500,2048,256,0.10144311934709549,0.7359253512383204,0.18284662067890167,0.08676819503307343,0.0011706948280334473,0.0010505711224800924,0.0015924087325770385,0.21639628719448217,0.9495748480983868,0.8216168844422339,0.9561133852181785,0.170778,0
budget_control_v1,poisson,stable_noisy_obs64_noise020,stronger_budget,64,0.2,51,poisson_stable_noisy_obs64_noise020_stronger_budget_seed51,1500,4096,512,0.01879105530679226,0.9300698543259459,0.05157965049147606,0.017644954845309258,1.2099742889404297e-05,6.503740437605869e-05,0.0003555426727656494,0.8626769328449219,0.9576243214053125,0.9431175235578186,0.9568606394957304,0.170778,0
budget_control_v1,poisson,stable_noisy_obs64_noise020,stronger_budget,64,0.2,52,poisson_stable_noisy_obs64_noise020_stronger_budget_seed52,1500,4096,512,0.018646709620952606,0.9076057920954906,0.07535349577665329,0.012288746424019337,2.7477741241455078e-05,0.0022095056302293397,0.00035157462302271947,0.7931870244500289,0.9371479336511266,0.943237409048468,0.9568508012323395,0.170778,0
budget_control_v1,poisson,stable_noisy_obs64_noise020,stronger_budget,64,0.2,53,poisson_stable_noisy_obs64_noise020_stronger_budget_seed53,1500,4096,512,0.03176482021808624,0.8930251228258945,0.08899348229169846,0.022911440581083298,8.153915405273438e-05,8.793906405437876e-05,0.0004427331495479976,0.7265071216516978,0.9574569395004634,0.931320232380196,0.9568161977712212,0.170778,0
budget_control_v1,poisson,stable_sparse_obs32_noise020,baseline_budget,32,0.2,51,poisson_stable_sparse_obs32_noise020_baseline_budget_seed51,500,2048,256,0.09191974997520447,0.7450181536518579,0.17727605998516083,0.08913575857877731,0.0005939006805419922,0.0008612745286292692,0.0017069716386515063,0.2300855450690475,0.9512688274779563,0.842231313176208,0.9564869288842197,0.170778,0
budget_control_v1,poisson,stable_sparse_obs32_noise020,baseline_budget,32,0.2,52,poisson_stable_sparse_obs32_noise020_baseline_budget_seed52,500,2048,256,0.09218460321426392,0.75024121852812,0.16954031586647034,0.09155726432800293,0.0008944272994995117,0.0008065036508392157,0.0015719735382224407,0.25123363415808775,0.9517534003148733,0.841685157692003,0.9562926819475159,0.170778,0
budget_control_v1,poisson,stable_sparse_obs32_noise020,baseline_budget,32,0.2,53,poisson_stable_sparse_obs32_noise020_baseline_budget_seed53,500,2048,256,0.10025200992822647,0.7689826366497203,0.14635777473449707,0.08655539900064468,0.0015579462051391602,0.0011453715043333785,0.001451831440869252,0.3470649079396902,0.9486985656381353,0.8243061942698413,0.9558608787512145,0.170778,0
budget_control_v1,poisson,stable_sparse_obs32_noise020,stronger_budget,32,0.2,51,poisson_stable_sparse_obs32_noise020_stronger_budget_seed51,1500,4096,512,0.02258460409939289,0.9230929041464496,0.06007278338074684,0.019619015976786613,7.2479248046875e-05,3.708648706008871e-05,0.0005745224758674215,0.8378622868388456,0.9578070411027718,0.9398802899888132,0.956821998655368,0.170778,0
budget_control_v1,poisson,stable_sparse_obs32_noise020,stronger_budget,32,0.2,52,poisson_stable_sparse_obs32_noise020_stronger_budget_seed52,1500,4096,512,0.016293464228510857,0.9214161572417521,0.06412763148546219,0.016315553337335587,1.9669532775878906e-06,0.0004462399050304489,0.00036143458216247756,0.828848144554783,0.9547906854657324,0.9451586780448664,0.9568671209016266,0.170778,0
budget_control_v1,poisson,stable_sparse_obs32_noise020,stronger_budget,32,0.2,53,poisson_stable_sparse_obs32_noise020_stronger_budget_seed53,1500,4096,512,0.03399887681007385,0.9182297716564004,0.06258690357208252,0.020628632977604866,0.00012606382369995117,4.582426946469173e-05,0.0004108724610227715,0.8293030022843596,0.9577559911483164,0.9290724145308898,0.9567876786620357,0.170778,0
budget_control_v1,stokes_poiseuille,near_boundary_obs12_noise020,baseline_budget,12,0.2,51,stokes_poiseuille_near_boundary_obs12_noise020_baseline_budget_seed51,500,2048,256,0.015503467060625553,0.938553609325127,0.03680667653679848,0.01723659411072731,6.270408630371094e-05,5.349421180307656e-05,0.0032462362275462154,0.8940709782791015,0.9575253907116034,0.9457898116402548,0.9568282566695487,0.040039,0
budget_control_v1,stokes_poiseuille,near_boundary_obs12_noise020,baseline_budget,12,0.2,52,stokes_poiseuille_near_boundary_obs12_noise020_baseline_budget_seed52,500,2048,256,0.04674496501684189,0.9207062169014928,0.045034635812044144,0.03587769716978073,7.706880569458008e-05,2.8164318144066965e-05,0.006233460184646951,0.8535902097482974,0.9575146022536183,0.9149009954614734,0.9568190601425817,0.040039,1
budget_control_v1,stokes_poiseuille,near_boundary_obs12_noise020,baseline_budget,12,0.2,53,stokes_poiseuille_near_boundary_obs12_noise020_baseline_budget_seed53,500,2048,256,0.031203705817461014,0.9293913661113538,0.042582493275403976,0.027193358168005943,2.7835369110107422e-05,5.0259714906305034e-05,0.00578005208014106,0.8714518798757765,0.9573886650624971,0.9318743470971153,0.9568505724100261,0.040039,0
budget_control_v1,stokes_poiseuille,near_boundary_obs12_noise020,stronger_budget,12,0.2,51,stokes_poiseuille_near_boundary_obs12_noise020_stronger_budget_seed51,1500,4096,512,0.023418406024575233,0.9373141399705459,0.033089619129896164,0.021504538133740425,6.556510925292969e-05,3.394279814153696e-05,0.0026112179424515295,0.8955819934690663,0.9577021465328721,0.9391459947349493,0.9568264251452958,0.040039,0
budget_control_v1,stokes_poiseuille,near_boundary_obs12_noise020,stronger_budget,12,0.2,52,stokes_poiseuille_near_boundary_obs12_noise020_stronger_budget_seed52,1500,4096,512,0.04504356160759926,0.9221856783144076,0.03657073527574539,0.039197035133838654,0.00015693902969360352,0.0008339603237451255,0.005131301912423479,0.8637494072462104,0.9512939105481044,0.9169315036627916,0.9567678918005239,0.040039,1
budget_control_v1,stokes_poiseuille,near_boundary_obs12_noise020,stronger_budget,12,0.2,53,stokes_poiseuille_near_boundary_obs12_noise020_stronger_budget_seed53,1500,4096,512,0.03864326328039169,0.9307409344093502,0.03670947626233101,0.025458786636590958,1.531839370727539e-05,7.551552144317523e-05,0.004960471868561927,0.8846620925096568,0.9572624881731786,0.924180576452978,0.9568585805015877,0.040039,0
budget_control_v1,stokes_poiseuille,boundary_obs8_noise0125,baseline_budget,8,0.125,51,stokes_poiseuille_boundary_obs8_noise0125_baseline_budget_seed51,500,2048,256,0.01733097806572914,0.9398193238445633,0.0364961177110672,0.011246676556766033,5.245208740234375e-06,4.056363852448975e-05,0.0021582604186675693,0.9004088628538934,0.9576841240661995,0.9443192843802075,0.9568650240779533,0.040039,0
budget_control_v1,stokes_poiseuille,boundary_obs8_noise0125,baseline_budget,8,0.125,52,stokes_poiseuille_boundary_obs8_noise0125_baseline_budget_seed52,500,2048,256,0.020420661196112633,0.938729795119173,0.03577212989330292,0.014612050727009773,2.8967857360839844e-05,3.665474601361746e-05,0.0008022276926349729,0.8985259488816921,0.9577959212003491,0.9417474625962619,0.9568498477983889,0.040039,0
budget_control_v1,stokes_poiseuille,boundary_obs8_noise0125,baseline_budget,8,0.125,53,stokes_poiseuille_boundary_obs8_noise0125_baseline_budget_seed53,500,2048,256,0.011698344722390175,0.938751453614937,0.039432648569345474,0.014432904310524464,2.849102020263672e-05,9.352365975992212e-05,0.002141583752669456,0.8921091280522347,0.9573116117865063,0.948734921721565,0.9568501528994419,0.040039,0
budget_control_v1,stokes_poiseuille,boundary_obs8_noise0125,stronger_budget,8,0.125,51,stokes_poiseuille_boundary_obs8_noise0125_stronger_budget_seed51,1500,4096,512,0.020765060558915138,0.9434946478807344,0.02492659166455269,0.011682468466460705,6.139278411865234e-06,9.51598441208248e-06,0.0018803434829698748,0.9177422209337578,0.9579179399803366,0.9414539784087852,0.9568644522000584,0.040039,0
budget_control_v1,stokes_poiseuille,boundary_obs8_noise0125,stronger_budget,8,0.125,52,stokes_poiseuille_boundary_obs8_noise0125_stronger_budget_seed52,1500,4096,512,0.025497328490018845,0.9422918751228189,0.024005791172385216,0.013735291548073292,3.9696693420410156e-05,2.5438090128618194e-06,0.0006067551034376551,0.9170004591311195,0.9580455603214528,0.9372784985586413,0.9568429824800618,0.040039,0
budget_control_v1,stokes_poiseuille,boundary_obs8_noise0125,stronger_budget,8,0.125,53,stokes_poiseuille_boundary_obs8_noise0125_stronger_budget_seed53,1500,4096,512,0.018913891166448593,0.9423654790077738,0.026625150814652443,0.015593172051012516,3.039836883544922e-05,9.480101638714305e-06,0.0016384448053365346,0.9116643980357775,0.9579332699320986,0.9430153155803492,0.9568489324828702,0.040039,0
budget_control_v1,stokes_poiseuille,failure_obs8_noise020,baseline_budget,8,0.2,51,stokes_poiseuille_failure_obs8_noise020_baseline_budget_seed51,500,2048,256,0.02713129296898842,0.9343226217579615,0.041161034256219864,0.015952136367559433,9.5367431640625e-06,5.988981311276905e-05,0.005291771399600963,0.8873030783008506,0.9573518124102585,0.9357733173227096,0.9568622789980274,0.040039,0
budget_control_v1,stokes_poiseuille,failure_obs8_noise020,baseline_budget,8,0.2,52,stokes_poiseuille_failure_obs8_noise020_baseline_budget_seed52,500,2048,256,0.030668215826153755,0.9315089048364127,0.04209091514348984,0.02182547003030777,7.30752944946289e-05,4.259313464655153e-05,0.0018217242278986837,0.8791238102949225,0.9576909018822318,0.9323992901273762,0.9568216170411199,0.040039,0
budget_control_v1,stokes_poiseuille,failure_obs8_noise020,baseline_budget,8,0.2,53,stokes_poiseuille_failure_obs8_noise020_baseline_budget_seed53,500,2048,256,0.01803438365459442,0.9333349817578105,0.04454510658979416,0.02027362957596779,6.383657455444336e-05,0.00012839749682896483,0.004959176485184623,0.8758830227205018,0.9568860354528249,0.943743337157845,0.9568275317000703,0.040039,0
budget_control_v1,stokes_poiseuille,failure_obs8_noise020,stronger_budget,8,0.2,51,stokes_poiseuille_failure_obs8_noise020_stronger_budget_seed51,1500,4096,512,0.037318628281354904,0.9323429433947704,0.03851405158638954,0.018906889483332634,1.9550323486328125e-05,1.849822145744113e-05,0.004602085176679314,0.8892244300024402,0.9576849511505428,0.925606519263321,0.9568558731627775,0.040039,0
budget_control_v1,stokes_poiseuille,failure_obs8_noise020,stronger_budget,8,0.2,52,stokes_poiseuille_failure_obs8_noise020_stronger_budget_seed52,1500,4096,512,0.04057200625538826,0.9321264745108307,0.03507063537836075,0.022051019594073296,0.00010752677917480469,6.821953856173595e-06,0.0015056815148581462,0.8916869179356296,0.9579599895587871,0.9220594362848883,0.9567995542640181,0.040039,1
budget_control_v1,stokes_poiseuille,failure_obs8_noise020,stronger_budget,8,0.2,53,stokes_poiseuille_failure_obs8_noise020_stronger_budget_seed53,1500,4096,512,0.03427679091691971,0.9316334679344428,0.03847745060920715,0.02398284152150154,6.878376007080078e-05,4.8263600202125626e-05,0.003723326697439415,0.8833892218442442,0.9575322035401004,0.9287880817616019,0.956824364591825,0.040039,0
budget_control_v1,burgers,safe_edge_obs64_noise005,baseline_budget,64,0.05,51,burgers_safe_edge_obs64_noise005_baseline_budget_seed51,500,2048,256,0.02093689702451229,0.9253173113925761,0.058659035712480545,0.013532443903386593,0.0015429258346557617,0.00024272203235523138,0.0016588500086105397,0.847831942883392,0.9562595763429832,0.9413070278097511,0.9558706985341783,0.025993,0
budget_control_v1,burgers,safe_edge_obs64_noise005,baseline_budget,64,0.05,52,burgers_safe_edge_obs64_noise005_baseline_budget_seed52,500,2048,256,0.02793923020362854,0.9338558861196047,0.04439055174589157,0.009444938972592354,0.0012561678886413574,4.561055077581242e-05,0.0020498321986452774,0.8866935586070119,0.957655526262634,0.935016688129312,0.9560577714794609,0.025993,1
budget_control_v1,burgers,safe_edge_obs64_noise005,baseline_budget,64,0.05,53,burgers_safe_edge_obs64_noise005_baseline_budget_seed53,500,2048,256,0.01796392723917961,0.9374317239861503,0.03954197093844414,0.011737439781427383,0.0005919337272644043,0.000408070056488494,0.001400872232462381,0.8944139410465752,0.9550234790945819,0.9438012782870128,0.9564881975164314,0.025993,0
budget_control_v1,burgers,safe_edge_obs64_noise005,stronger_budget,64,0.05,51,burgers_safe_edge_obs64_noise005_stronger_budget_seed51,1500,4096,512,0.013625703752040863,0.9435179607976233,0.024450689554214478,0.006035803351551294,0.0002237558364868164,0.0013339071869389997,0.0011076615442622791,0.9231925130078241,0.9468916982694051,0.9472625903368049,0.9567250415764589,0.025993,0
budget_control_v1,burgers,safe_edge_obs64_noise005,stronger_budget,64,0.05,52,burgers_safe_edge_obs64_noise005_stronger_budget_seed52,1500,4096,512,0.017932763323187828,0.9438360279898118,0.029625369235873222,0.0044815195724368095,0.0007233619689941406,2.497357132016055e-06,0.0016088761952575213,0.9171303262673297,0.9579835449488538,0.9438268886007437,0.9564033521423202,0.025993,0
budget_control_v1,burgers,safe_edge_obs64_noise005,stronger_budget,64,0.05,53,burgers_safe_edge_obs64_noise005_stronger_budget_seed53,1500,4096,512,0.008574331179261208,0.9473038162147556,0.0253593772649765,0.004248740617185831,0.00012409687042236328,2.2311050853215712e-06,0.0009962183057172145,0.9233637237729079,0.9580235263620089,0.9510390758021481,0.9567889389219575,0.025993,0
budget_control_v1,burgers,transition_obs48_noise005,baseline_budget,48,0.05,51,burgers_transition_obs48_noise005_baseline_budget_seed51,500,2048,256,0.031055575236678123,0.8665233339237548,0.05986471101641655,0.015509680844843388,0.0014415979385375977,0.009174816239133103,0.0033113567629982957,0.8425424031486913,0.7355941068954759,0.9320199369737722,0.9559368886770796,0.025993,1
budget_control_v1,burgers,transition_obs48_noise005,baseline_budget,48,0.05,52,burgers_transition_obs48_noise005_baseline_budget_seed52,500,2048,256,0.03694501146674156,0.931098351707756,0.04393057897686958,0.011719536036252975,0.0029909610748291016,2.7515994808770676e-05,0.002172762396904469,0.8857003785383529,0.9577744166967638,0.926004229302196,0.9549143822937114,0.025993,1
budget_control_v1,burgers,transition_obs48_noise005,baseline_budget,48,0.05,53,burgers_transition_obs48_noise005_baseline_budget_seed53,500,2048,256,0.009979190304875374,0.9411399437694036,0.03784865513443947,0.00904332660138607,6.479024887084961e-05,2.8865405956728884e-05,0.0012367042275957592,0.8998941999327644,0.9578233379578323,0.9500153159965776,0.9568269211904402,0.025993,0
budget_control_v1,burgers,transition_obs48_noise005,stronger_budget,48,0.05,51,burgers_transition_obs48_noise005_stronger_budget_seed51,1500,4096,512,0.013264507986605167,0.9452840392125391,0.026472361758351326,0.006521068979054689,0.0004113316535949707,0.00016096862169444215,0.0008902431695475258,0.9200843056617277,0.9569058011111565,0.9475415193839689,0.9566045306933035,0.025993,0
budget_control_v1,burgers,transition_obs48_noise005,stronger_budget,48,0.05,52,burgers_transition_obs48_noise005_stronger_budget_seed52,1500,4096,512,0.02984539419412613,0.938911712379008,0.03320334106683731,0.007614943198859692,0.0022614002227783203,3.2328369771605923e-06,0.0018235400530053508,0.9090845408480573,0.9579650665297318,0.9331985978771158,0.9553986442611269,0.025993,1
budget_control_v1,burgers,transition_obs48_noise005,stronger_budget,48,0.05,53,burgers_transition_obs48_noise005_stronger_budget_seed53,1500,4096,512,0.007330880966037512,0.9479919229134542,0.023428812623023987,0.005159109365195036,7.832050323486328e-05,2.6108079932827647e-06,0.0010407362799736478,0.925202714516813,0.9580181268293319,0.9519285916108094,0.9568182586968627,0.025993,0
budget_control_v1,burgers,seed_sensitive_obs32_noise010,baseline_budget,32,0.1,51,burgers_seed_sensitive_obs32_noise010_baseline_budget_seed51,500,2048,256,0.034094907343387604,0.9206400113596845,0.0604170560836792,0.012406902387738228,0.0044362545013427734,0.0002664194510119595,0.004128686479083823,0.8437162580478249,0.9559292949662622,0.9289742848553939,0.9539402075692572,0.025993,1
budget_control_v1,burgers,seed_sensitive_obs32_noise010,baseline_budget,32,0.1,52,burgers_seed_sensitive_obs32_noise010_baseline_budget_seed52,500,2048,256,0.05280173197388649,0.8843418481949742,0.07036294043064117,0.01989610865712166,0.0029158592224121094,0.005619725087679035,0.008735527543154702,0.804585010064617,0.8705150740269478,0.9073028454931583,0.9549644631951736,0.025993,1
budget_control_v1,burgers,seed_sensitive_obs32_noise010,baseline_budget,32,0.1,53,burgers_seed_sensitive_obs32_noise010_baseline_budget_seed53,500,2048,256,0.01984586752951145,0.919958868031943,0.050585683435201645,0.010888541117310524,0.0009191632270812988,0.003937182852565643,0.0040703194756716845,0.8714210620467628,0.9099035451798263,0.942234207956454,0.9562766569447292,0.025993,0
budget_control_v1,burgers,seed_sensitive_obs32_noise010,stronger_budget,32,0.1,51,burgers_seed_sensitive_obs32_noise010_stronger_budget_seed51,1500,4096,512,0.03394584357738495,0.9347162659564812,0.039355840533971786,0.009238752536475658,0.0029508471488952637,4.77109936231124e-06,0.0033268129164466427,0.8969369584926962,0.9578604135459129,0.9291265533344343,0.9549411384528814,0.025993,1
budget_control_v1,burgers,seed_sensitive_obs32_noise010,stronger_budget,32,0.1,52,burgers_seed_sensitive_obs32_noise010_stronger_budget_seed52,1500,4096,512,0.05484621226787567,0.9170319550908987,0.05835309997200966,0.009179499931633472,0.004999816417694092,4.649772701521389e-06,0.007688895136766441,0.8523836314030397,0.9575857198638842,0.9046035234962287,0.9535549456004423,0.025993,1
budget_control_v1,burgers,seed_sensitive_obs32_noise010,stronger_budget,32,0.1,53,burgers_seed_sensitive_obs32_noise010_stronger_budget_seed53,1500,4096,512,0.020328741520643234,0.9395532139484802,0.03656527027487755,0.007984990254044533,0.0014657378196716309,6.825418877182589e-05,0.0036942864550297823,0.9030727896419506,0.9573933782661455,0.9418255594384071,0.9559211284474176,0.025993,0
budget_control_v1,burgers,failure_obs64_noise015,baseline_budget,64,0.15,51,burgers_failure_obs64_noise015_baseline_budget_seed51,500,2048,256,0.04463517293334007,0.9090765099898974,0.06414734572172165,0.023841682821512222,0.0019096732139587402,0.0017317683163644154,0.007389428527548225,0.8209317465847011,0.9423316702438417,0.9174122876424651,0.9556303354885819,0.025993,1
budget_control_v1,burgers,failure_obs64_noise015,baseline_budget,64,0.15,52,burgers_failure_obs64_noise015_baseline_budget_seed52,500,2048,256,0.060750484466552734,0.9059603368473035,0.06883372366428375,0.011586245149374008,0.005776464939117432,3.843983084412388e-05,0.014119897522853312,0.817475819445705,0.9569366121456939,0.8964099280763408,0.953018987721474,0.025993,1
budget_control_v1,burgers,failure_obs64_noise015,baseline_budget,64,0.15,53,burgers_failure_obs64_noise015_baseline_budget_seed53,500,2048,256,0.03621520474553108,0.918424977629231,0.05553066357970238,0.021615179255604744,0.0020377039909362793,0.0016580538714813966,0.008991183024698328,0.8483413288233033,0.9430369894641544,0.9267754606114467,0.9555461316180198,0.025993,1
budget_control_v1,burgers,failure_obs64_noise015,stronger_budget,64,0.15,51,burgers_failure_obs64_noise015_stronger_budget_seed51,1500,4096,512,0.024723384529352188,0.9382285723496491,0.037328507751226425,0.009222369641065598,0.00043213367462158203,5.072732819540663e-06,0.006496594810656603,0.9006847261222596,0.9576585169191295,0.9379798999508386,0.9565911464063686,0.025993,0
budget_control_v1,burgers,failure_obs64_noise015,stronger_budget,64,0.15,52,burgers_failure_obs64_noise015_stronger_budget_seed52,1500,4096,512,0.05271491780877113,0.9129907200870706,0.06421034038066864,0.009808563627302647,0.005688905715942383,2.229640986362882e-06,0.01338316847393775,0.8342307974748372,0.9572364440352114,0.9074159344623766,0.9530797043758575,0.025993,1
budget_control_v1,burgers,failure_obs64_noise015,stronger_budget,64,0.15,53,burgers_failure_obs64_noise015_stronger_budget_seed53,1500,4096,512,0.02256530523300171,0.9352070149154057,0.044949375092983246,0.006968172732740641,0.0015900731086730957,1.8928860957197495e-06,0.007939309316311635,0.8875021298146617,0.9575888743947414,0.9398971871225744,0.9558398683296451,0.025993,0
