matrix_name,case,num_observation,noise_std,observation_ratio,run_name,rel_l2,reliability_raw,physics_rms,boundary_rms,structure_error,loss_std,loss_ratio,physics_rms_score,boundary_rms_score,rel_l2_score,structure_error_score,loss_std_score,loss_ratio_score,physics_score,training_score,reference_score,structure_score,R_lin_split,dominant_dimension_split,crosses_threshold,split
coarse_v1,poisson,256,0.05,1.0,poisson_coarse_v1_obs256_noise005,0.1142033189535141,0.6749447297952708,0.340813010931015,0.1056961417198181,0.0012646913528442,0.0024365899276023,0.0020464428445284,0.043428763492297844,0.9551795191275303,0.652928636816395,0.06500878772365086,0.26573648038394276,0.7520041567541181,0.20367195543048214,0.447029012313445,0.652928636816395,0.06500878772365086,0.3421595980709933,structure_score,False,noise_holdout_odd
coarse_v1,poisson,128,0.05,0.5,poisson_coarse_v1_obs128_noise005,0.1148025393486023,0.6755330299473093,0.3317669332027435,0.1060333624482154,0.0012595653533935,0.0023422026436747,0.0019773989267674,0.37008542619217694,0.8562568872680433,0.3601380282537555,0.07057648139148881,0.5972076514098057,0.96229953326028,0.562928232596821,0.7580848529097016,0.3601380282537555,0.07057648139148881,0.4379318987879417,structure_score,False,noise_holdout_odd
coarse_v1,poisson,64,0.05,0.25,poisson_coarse_v1_obs64_noise005,0.1147088706493377,0.6751339166852781,0.3349900543689728,0.1065304577350616,0.0012440085411071,0.002400554674628,0.0019851101287673,0.1909087975199045,0.47639924572697184,0.4046477626050183,0.0902692909357759,0.3827308737621552,0.9526520919175362,0.3015771993057925,0.6038289224034765,0.4046477626050183,0.0902692909357759,0.3500807938125158,structure_score,False,noise_holdout_odd
coarse_v1,poisson,32,0.05,0.125,poisson_coarse_v1_obs32_noise005,0.1129774451255798,0.6798574874592289,0.3105725049972534,0.1064226105809211,0.0010619759559631,0.0019654433384345,0.0018975201529894,0.9957937821244126,0.5776632463350847,0.9569169435768522,0.6942143286374212,0.9975831473141366,0.9966793945517382,0.7584414735905997,0.9971311685430714,0.9569169435768522,0.6942143286374212,0.8516759785869861,structure_score,False,noise_holdout_odd
coarse_v1,poisson,16,0.05,0.0625,poisson_coarse_v1_obs16_noise005,0.1129641607403755,0.6767932519957376,0.3276512324810028,0.1067478209733963,0.0010963678359985,0.002417517899179,0.0020347192651732,0.65318048699043,0.2857523178299453,0.9580064602614008,0.5568754319656888,0.3248844008985312,0.813217897697926,0.43202758953428866,0.5140056512272542,0.9580064602614008,0.5568754319656888,0.6152287832471581,physics_score,False,noise_holdout_odd
coarse_v1,poisson,8,0.05,0.03125,poisson_coarse_v1_obs8_noise005,0.1140516549348831,0.6740389158687198,0.3407540917396545,0.1061516255140304,0.0010215044021606,0.0027354767114244,0.0020869765789757,0.044126843781119876,0.7920800482900735,0.7185653787185758,0.8199263439229197,0.0041440746793735515,0.4647279702118587,0.18695452001232268,0.043884705925317874,0.7185653787185758,0.8199263439229197,0.44233273714478405,training_score,False,noise_holdout_odd
coarse_v1,poisson,256,0.15,1.0,poisson_coarse_v1_obs256_noise015,0.1149826571345329,0.6744843430695433,0.3405102491378784,0.1057404428720474,0.001278817653656,0.0024288822991268,0.0021663322703306,0.047131280805727885,0.9474384012320488,0.28140883110063,0.051713797855679526,0.28880274188091043,0.06979698269693402,0.21131489614931925,0.14197732205492894,0.28140883110063,0.051713797855679526,0.17160371179013942,structure_score,False,noise_holdout_odd
coarse_v1,poisson,128,0.15,0.5,poisson_coarse_v1_obs128_noise015,0.1160626485943794,0.674858860809012,0.3309067785739898,0.1057966724038124,0.0013043880462646,0.0023198343835691,0.0020963264756194,0.4283970917664301,0.9357898111368109,0.042600394522644226,0.033939650408340696,0.6743749868135069,0.3941716283198585,0.6331584585201927,0.5155768484430455,0.042600394522644226,0.033939650408340696,0.3063188379735558,structure_score,False,noise_holdout_odd
coarse_v1,poisson,64,0.15,0.25,poisson_coarse_v1_obs64_noise015,0.1171570718288421,0.6736405363417454,0.3349549472332001,0.1062401160597801,0.0012816190719604,0.0023721256140958,0.0020646781028909,0.1924483544720282,0.7316511079251127,0.0048869246724990625,0.04940177449258051,0.48669697652074334,0.6333668432271403,0.3752399922287392,0.5552096249410099,0.0048869246724990625,0.04940177449258051,0.2461845790837072,reference_score,False,noise_holdout_odd
coarse_v1,poisson,32,0.15,0.125,poisson_coarse_v1_obs32_noise015,0.1149717420339584,0.6788404731555802,0.3094756305217743,0.1067467331886291,0.0010122656822204,0.0019134721352894,0.0019974724093885,0.9969129064846202,0.2865922699441468,0.2858749998632256,0.8422038859908365,0.9988867441185659,0.932156284943092,0.5345161670202729,0.9649448463391384,0.2858749998632256,0.8422038859908365,0.6568849748033683,reference_score,False,noise_holdout_odd
coarse_v1,poisson,16,0.15,0.0625,poisson_coarse_v1_obs16_noise015,0.1128442138433456,0.6771984479059888,0.3265943229198456,0.1086180135607719,0.0008187890052795,0.0023298861945351,0.0022098952900457,0.7175202800455024,0.0003402749722592457,0.9667178768528012,0.9933188363554146,0.6405746968126926,0.019191076951542037,0.015625434182381288,0.11087523754086434,0.9667178768528012,0.9933188363554146,0.5216343462328654,physics_score,False,noise_holdout_odd
coarse_v1,poisson,8,0.15,0.03125,poisson_coarse_v1_obs8_noise015,0.1131840497255325,0.6748104951749158,0.336963027715683,0.1080217808485031,0.0008383393287658,0.0027374939004344,0.0021132879372448,0.11893627774740298,0.0032312114885455134,0.936107542244856,0.99067391870349,0.0040215382040084836,0.2782518409534216,0.01960378195813881,0.03345146347665341,0.936107542244856,0.99067391870349,0.4949591765957846,physics_score,False,noise_holdout_odd
coarse_v1,stokes_poiseuille,256,0.05,1.0,stokes_poiseuille_coarse_v1_obs256_noise005,0.0255116391927003,0.8634081827774497,0.1124824434518814,0.0248025562614202,4.2557716369628906e-05,0.0007547744747784,0.0013973612870597,0.9336019617675393,0.9374013409473027,0.9165046012005963,0.8933758922230355,0.9446890224064028,0.9203850162002856,0.9354997225397363,0.932457838827981,0.9165046012005963,0.8933758922230355,0.9194595136978372,structure_score,False,noise_holdout_odd
coarse_v1,stokes_poiseuille,128,0.05,0.5,stokes_poiseuille_coarse_v1_obs128_noise005,0.0257506966590881,0.8605277537718823,0.1146158277988433,0.0243630651384592,4.5180320739746094e-05,0.0007821813864683,0.0014275877340848,0.07724845747742,0.9616471913026754,0.885998161809981,0.7520052819241871,0.6301562391944157,0.9149450434449334,0.27255414538330747,0.7593143799815927,0.885998161809981,0.7520052819241871,0.667467992274767,physics_score,False,noise_holdout_odd
coarse_v1,stokes_poiseuille,64,0.05,0.25,stokes_poiseuille_coarse_v1_obs64_noise005,0.0263098925352096,0.8614030174068211,0.1135136485099792,0.0264145899564027,4.7087669372558594e-05,0.0007952219711084,0.0013749239208595,0.5415920789312405,0.6933253781331836,0.7760584976588217,0.5914985139271056,0.36265429660746856,0.9242156312743031,0.6127801668779264,0.5789393488729281,0.7760584976588217,0.5914985139271056,0.6398191318341955,training_score,False,noise_holdout_odd
coarse_v1,stokes_poiseuille,32,0.05,0.125,stokes_poiseuille_coarse_v1_obs32_noise005,0.0246232524514198,0.8622598083839136,0.1134901195764541,0.0244947001338005,4.00543212890625e-05,0.0007878448864978,0.001199169980445,0.5555849801837911,0.9555292307349913,0.9753709081287102,0.9567217089140583,0.5141390005730354,0.948818460222368,0.7286135386629412,0.6984443964010125,0.9753709081287102,0.9567217089140583,0.8397876380266807,training_score,False,noise_holdout_odd
coarse_v1,stokes_poiseuille,16,0.05,0.0625,stokes_poiseuille_coarse_v1_obs16_noise005,0.0284704007208347,0.8591095441586811,0.1145712062716484,0.0283949505537748,4.804134368896485e-05,0.0007582284675892,0.0012926188842676,0.0852419248023611,0.18139398354154132,0.13266246752010677,0.5001443695821277,0.9273982478137616,0.9368593981279787,0.12434778769503216,0.932116819004862,0.13266246752010677,0.5001443695821277,0.42231786095053214,physics_score,False,noise_holdout_odd
coarse_v1,stokes_poiseuille,8,0.05,0.03125,stokes_poiseuille_coarse_v1_obs8_noise005,0.0313751585781574,0.8582905496597371,0.1148681864142417,0.0269611719995737,3.814697265625e-05,0.0007828257986189,0.0011205938417032,0.043670955482253616,0.5435542075053033,0.0022989129816531366,0.9788561101217379,0.6174385582845231,0.9571834034761036,0.15406989192621556,0.7687665059406259,0.0022989129816531366,0.9788561101217379,0.4759978552425581,reference_score,False,noise_holdout_odd
coarse_v1,stokes_poiseuille,256,0.15,1.0,stokes_poiseuille_coarse_v1_obs256_noise015,0.0253044739365577,0.8639174479827569,0.1121238768100738,0.0247622579336166,4.351139068603516e-05,0.0007539612727751,0.0031393738310134,0.970816855949089,0.94011809338966,0.9367302660176816,0.8527220021670909,0.9481558576839789,0.15403931085114167,0.9553441744446877,0.3821691705215287,0.9367302660176816,0.8527220021670909,0.7817414032877472,training_score,False,noise_holdout_odd
coarse_v1,stokes_poiseuille,128,0.15,0.5,stokes_poiseuille_coarse_v1_obs128_noise015,0.02517063729465,0.8609648226795776,0.1144221052527427,0.0238513648509979,4.756450653076172e-05,0.0007991397401763,0.0031314865649274,0.11762944988517209,0.9785838632217433,0.9472645800668655,0.5462103884990653,0.29041745901858546,0.15650429763736823,0.3392790613894116,0.21319376267924184,0.9472645800668655,0.5462103884990653,0.511486948158646,training_score,False,noise_holdout_odd
coarse_v1,stokes_poiseuille,64,0.15,0.25,stokes_poiseuille_coarse_v1_obs64_noise015,0.0259935669600963,0.8622694908907323,0.1129566431045532,0.0259455684572458,3.9458274841308594e-05,0.0008127095766288,0.0026261171749888,0.818245390187872,0.7967005178904462,0.8454979129191804,0.9653386166715446,0.11561586804706035,0.3821858136761035,0.807401093710027,0.2102064333064875,0.8454979129191804,0.9653386166715446,0.7071110141518099,training_score,False,noise_holdout_odd
coarse_v1,stokes_poiseuille,32,0.15,0.125,stokes_poiseuille_coarse_v1_obs32_noise015,0.0241133961826562,0.8640331984489193,0.1121814996004104,0.0246010310947895,4.220008850097656e-05,0.0008123882003457,0.0022256162767654,0.96662988057703,0.9499184842470303,0.9880533360766881,0.9058762745167277,0.1184083569680299,0.616337111057692,0.9582377528492708,0.270147116695262,0.9880533360766881,0.9058762745167277,0.7805786200344871,training_score,False,noise_holdout_odd
coarse_v1,stokes_poiseuille,16,0.15,0.0625,stokes_poiseuille_coarse_v1_obs16_noise015,0.0279671307653188,0.8586651993332102,0.1145932525396347,0.0299844350665807,7.897615432739258e-05,0.0008200120535646,0.002357768790854,0.0812028950660904,0.03320966962790287,0.24035435549129439,6.219138448424877e-06,0.06606443774812418,0.5397006881600286,0.05192996551100459,0.18882537571938784,0.24035435549129439,6.219138448424877e-06,0.12027897896503381,structure_score,False,noise_holdout_odd
coarse_v1,stokes_poiseuille,8,0.15,0.03125,stokes_poiseuille_coarse_v1_obs8_noise015,0.0445965714752674,0.8435661744240701,0.1216135025024414,0.0359997563064098,5.9723854064941406e-05,0.00073178196266,0.002426540956745,4.2069046827361e-09,2.9646336397987236e-05,1.1729006534954426e-11,0.010698953544229336,0.99160441611316,0.49881698524621026,3.5315621390351066e-07,0.7032987454861519,1.1729006534954426e-11,0.010698953544229336,0.17849951304958103,reference_score,True,noise_holdout_odd
coarse_fisher_kpp_v1,fisher_kpp,256,0.05,1.0,fisher_kpp_coarse_fisher_kpp_v1_obs256_noise005,0.0122461253777146,0.9486902499576196,0.0177412796765565,0.0055582486093044,0.0001469850540161,9.765288697991788e-06,0.0004323834313659,0.9591078973314984,0.9290393072600981,0.9516271038684587,0.9521732977851574,0.7626060437777307,0.9331872270319608,0.9439538847446651,0.8435960047977673,0.9516271038684587,0.9521732977851574,0.9228375727990121,training_score,False,noise_holdout_odd
coarse_fisher_kpp_v1,fisher_kpp,128,0.05,0.5,fisher_kpp_coarse_fisher_kpp_v1_obs128_noise005,0.013381621800363,0.9477210173693682,0.0202941801398992,0.0056493431329727,0.0001878142356872,8.790956251226395e-06,0.0004635613975135,0.86131277248791,0.9251365773786139,0.940157174173989,0.9408873259430441,0.8409955194818298,0.9310938929135031,0.8926544406386773,0.8848987468389538,0.940157174173989,0.9408873259430441,0.914649421898666,training_score,False,noise_holdout_odd
coarse_fisher_kpp_v1,fisher_kpp,64,0.05,0.25,fisher_kpp_coarse_fisher_kpp_v1_obs64_noise005,0.0111761717125773,0.9492154399638132,0.0171154923737049,0.0048167379572987,0.0001506805419921,4.78185322763413e-06,0.0004637061490233,0.9701365079447823,0.9544403429769263,0.9605002392906193,0.9512424058163306,0.976279046150645,0.9310840338815275,0.9622564218425647,0.953413778211723,0.9605002392906193,0.9512424058163306,0.9568532112903094,structure_score,False,noise_holdout_odd
coarse_fisher_kpp_v1,fisher_kpp,32,0.05,0.125,fisher_kpp_coarse_fisher_kpp_v1_obs32_noise005,0.0132883191108703,0.9475522121484482,0.0200205780565738,0.0069828308187425,0.0001589655876159,1.1600247423610225e-05,0.0004423525268698,0.877466167750359,0.8414313766525252,0.9411884987440928,0.9490925768358639,0.5567407964925851,0.9325243901812351,0.8592598940345116,0.7205375574793191,0.9411884987440928,0.9490925768358639,0.8675196317734468,training_score,False,noise_holdout_odd
coarse_fisher_kpp_v1,fisher_kpp,16,0.05,0.0625,fisher_kpp_coarse_fisher_kpp_v1_obs16_noise005,0.021828755736351,0.9445221799273036,0.0229935515671968,0.0088396836072206,0.0001777410507202,6.1721873922943465e-06,0.0003838406426141,0.6037621268125724,0.6205240019175076,0.7467208861425653,0.9438843658580425,0.9528381327779127,0.9363292008247538,0.6120856893736065,0.944547599319004,0.7467208861425653,0.9438843658580425,0.8118096351733046,physics_score,True,noise_holdout_odd
coarse_fisher_kpp_v1,fisher_kpp,8,0.05,0.03125,fisher_kpp_coarse_fisher_kpp_v1_obs8_noise005,0.0221153497695922,0.9454529113669016,0.0213852878659963,0.0062663736753165,0.0003836154937744,7.3242880884346654e-06,0.0004735158101971,0.7787325423311996,0.8931293334161823,0.7358353132673252,0.8447744668332803,0.9180580566009003,0.9304128462713529,0.8339717479877561,0.9242148070034317,0.7358353132673252,0.8447744668332803,0.8346990837729483,reference_score,True,noise_holdout_odd
coarse_fisher_kpp_v1,fisher_kpp,256,0.3,1.0,fisher_kpp_coarse_fisher_kpp_v1_obs256_noise030,0.0185981448739767,0.9450829877567118,0.0216975342482328,0.0103005487471818,0.0002093315124511,1.712182327157148e-05,0.0119324993256428,0.7494658781726126,0.3930913119385312,0.8482688412713149,0.9339765755254366,0.06927835304562822,6.971839483473455e-05,0.5427785232523811,0.0021977205398173907,0.8482688412713149,0.9339765755254366,0.5818054151472375,training_score,False,noise_holdout_odd
coarse_fisher_kpp_v1,fisher_kpp,128,0.3,0.5,fisher_kpp_coarse_fisher_kpp_v1_obs128_noise030,0.0308739244937896,0.9370707492875928,0.0329609997570514,0.0151531072333455,0.0009257197380065,1.669720399781556e-05,0.0133425815644061,0.00843354540148733,0.02901225266378173,0.3295149478219778,0.21804684395646376,0.08467020496652256,1.5606341960794827e-05,0.01564212741411554,0.0011495182350002716,0.3295149478219778,0.21804684395646376,0.14108835935688935,training_score,True,noise_holdout_odd
coarse_fisher_kpp_v1,fisher_kpp,64,0.3,0.25,fisher_kpp_coarse_fisher_kpp_v1_obs64_noise030,0.0153525434434413,0.9446640841319848,0.0228691343218088,0.0133251370862126,0.0001439452171325,1.366215473044831e-05,0.0138154376814822,0.6191464603156615,0.08692585585738095,0.9140362488126932,0.9529263536979119,0.30422141185646767,9.447345459577973e-06,0.2319910256109206,0.0016953125888781104,0.9140362488126932,0.9529263536979119,0.525162235177601,training_score,False,noise_holdout_odd
coarse_fisher_kpp_v1,fisher_kpp,32,0.3,0.125,fisher_kpp_coarse_fisher_kpp_v1_obs32_noise030,0.071362517774105,0.914786878935597,0.0434569902718067,0.0282355081290006,0.0044761896133422,6.543919553937202e-05,0.0128204617932295,3.60553697638416e-05,7.473579527982007e-06,0.00016164174099247188,9.861385524917979e-10,1.3577747736518952e-12,2.716448051835673e-05,1.6415318252804848e-05,6.073157859563929e-09,0.00016164174099247188,9.861385524917979e-10,4.4516029635422194e-05,structure_score,True,noise_holdout_odd
coarse_fisher_kpp_v1,fisher_kpp,16,0.3,0.0625,fisher_kpp_coarse_fisher_kpp_v1_obs16_noise030,0.1130756437778472,0.8793187822937356,0.0579703599214553,0.0422258488833904,0.0036888718605041,3.263967389222225e-05,0.0085361020066421,1.888522291931438e-08,1.0512907889218058e-09,4.1727858216986484e-08,7.379811645407695e-08,2.6472257240386158e-05,0.0025589199694729414,4.455767150762053e-09,0.0002602698363034964,4.1727858216986484e-08,7.379811645407695e-08,6.509745451132955e-05,physics_score,True,noise_holdout_odd
coarse_fisher_kpp_v1,fisher_kpp,8,0.3,0.03125,fisher_kpp_coarse_fisher_kpp_v1_obs8_noise030,0.0895422771573066,0.8705911384870575,0.0889578014612197,0.0204082783311605,0.0086526870727539,0.0002921021693843,0.0118707061005592,1.8670790050689347e-15,0.0010667307593518116,4.4135074505040285e-06,1.1280534470527876e-19,5.689047882171895e-63,7.44445589304375e-05,3.266084443721276e-08,8.628126038163647e-09,4.4135074505040285e-06,1e-12,1.1136993552448513e-06,structure_score,True,noise_holdout_odd
coarse_v1,burgers,256,0.05,1.0,burgers_coarse_v1_obs256_noise005,0.0181923788040876,0.9225581736483612,0.0627439320087432,0.0163258425891399,0.0004026889801025,0.0001573789035478,0.0020392357354751,0.9330418015690101,0.8450983863792505,0.954567792156927,0.9503904242663541,0.953461986383353,0.930960670174604,0.8879820498919779,0.9421441555459842,0.954567792156927,0.9503904242663541,0.9337711054653108,physics_score,False,noise_holdout_odd
coarse_v1,burgers,128,0.05,0.5,burgers_coarse_v1_obs128_noise005,0.0197959952056407,0.9218049429506618,0.0634504482150077,0.0156130976974964,0.0005934238433837,0.0001630624519556,0.0019370003278273,0.9155516053168364,0.932808377518086,0.9431448768631597,0.9431343256533883,0.952377681143167,0.934182041190601,0.9241397121050892,0.9432359864608089,0.9431448768631597,0.9431343256533883,0.9384137252706115,physics_score,False,noise_holdout_odd
coarse_v1,burgers,64,0.05,0.25,burgers_coarse_v1_obs64_noise005,0.0201235525310039,0.923083759085068,0.0617731139063835,0.0146148931235075,0.0010572671890258,0.0002165250809333,0.0017685289318926,0.9516288795422482,0.980898626936157,0.9405003550283699,0.9211378354000059,0.9409388183346189,0.9391870762593231,0.9661529181738183,0.940062539265656,0.9405003550283699,0.9211378354000059,0.9419634119669625,structure_score,False,noise_holdout_odd
coarse_v1,burgers,32,0.05,0.125,burgers_coarse_v1_obs32_noise005,0.0397444553673267,0.8832431242282036,0.0681494995951652,0.020978283137083,0.0029704570770263,0.0065098144298285,0.0021513547148745,0.6712869461214034,0.012129109768600117,0.4672776135735688,0.733366604989723,3.7954828926944944e-11,0.9272604602667635,0.09023365810901636,5.932454141427917e-06,0.4672776135735688,0.733366604989723,0.32272095228161235,training_score,True,noise_holdout_odd
coarse_v1,burgers,16,0.05,0.0625,burgers_coarse_v1_obs16_noise005,0.0413615331053733,0.9145347216692116,0.0617914423346519,0.0177341103553771,0.0052028894424438,0.0011261834286632,0.0017226967008414,0.9513282718664773,0.46288194593372667,0.40868975703488686,0.33722746499629974,0.24971716117771775,0.940485841974895,0.6635907486571255,0.48461887559793465,0.40868975703488686,0.33722746499629974,0.4735317115715617,structure_score,True,noise_holdout_odd
coarse_v1,burgers,8,0.05,0.03125,burgers_coarse_v1_obs8_noise005,0.0237047802656888,0.9143956031809756,0.0703538879752159,0.0169861260801553,0.0009611845016479,0.0004082764589748,0.0019095693509311,0.482728212012432,0.696655208129376,0.9031459254939576,0.9262548950015893,0.8757581278182297,0.9350223052491805,0.5799095817534337,0.9049051792941113,0.9031459254939576,0.9262548950015893,0.828553895385773,physics_score,False,noise_holdout_odd
coarse_v1,burgers,256,0.15,1.0,burgers_coarse_v1_obs256_noise015,0.0185327231884002,0.9235232180809898,0.0610784403979778,0.0167867746204137,0.0002999305725097,0.0001683996993552,0.0090837453508386,0.9618032821809213,0.7488809230826032,0.9523423344387093,0.9539270749814445,0.951337625799045,0.2831283948143729,0.8486908328617234,0.5189900720813455,0.9523423344387093,0.9539270749814445,0.8184875785908057,training_score,False,noise_holdout_odd
coarse_v1,burgers,128,0.15,0.5,burgers_coarse_v1_obs128_noise015,0.0303964801132679,0.9159497933457896,0.0668848603963851,0.0172132607549428,0.0017505288124084,0.0001671757598701,0.0094528433582681,0.7619289983078954,0.6303645092874339,0.7766981946941219,0.8736790606908954,0.9515780199124311,0.2471297846399169,0.693031744677127,0.4849363578131028,0.7766981946941219,0.8736790606908954,0.7070863394688118,training_score,True,noise_holdout_odd
coarse_v1,burgers,64,0.15,0.25,burgers_coarse_v1_obs64_noise015,0.0563258007168769,0.8696027628033142,0.0705814287066459,0.024410480633378,0.0073328614234924,0.0070502657220864,0.0109858832455251,0.46258251788233845,0.00013670738932750336,0.07078730193826885,0.092316579222638,3.811665227718537e-12,0.13212473809918732,0.007952260582264494,7.096585586985413e-07,0.07078730193826885,0.092316579222638,0.04276421285043251,training_score,True,noise_holdout_odd
coarse_v1,burgers,32,0.15,0.125,burgers_coarse_v1_obs32_noise015,0.0592198856174945,0.8986692779535487,0.0728547573089599,0.0183071047067642,0.0072899460792541,0.0012964372303374,0.0069536973918322,0.2773653934834794,0.2891319575858038,0.047373618593896105,0.09507094261504719,0.13893725067279974,0.534577715714603,0.28318756890872726,0.27253028839439564,0.047373618593896105,0.09507094261504719,0.17454060462801657,reference_score,True,noise_holdout_odd
coarse_v1,burgers,16,0.15,0.0625,burgers_coarse_v1_obs16_noise015,0.0550826266407966,0.8916623652599485,0.0749806389212608,0.0243390928953886,0.010582149028778,0.0027397729412611,0.0065018521416279,0.15280038230586593,0.00015011124120406472,0.0838268242573153,0.008648055902603194,0.00034830132062583775,0.5902468276240517,0.004789264561954073,0.014338191990508023,0.0838268242573153,0.008648055902603194,0.027900584178095145,physics_score,True,noise_holdout_odd
coarse_v1,burgers,8,0.15,0.03125,burgers_coarse_v1_obs8_noise015,0.0557237528264522,0.8919661638040233,0.0827124342322349,0.0198122169822454,0.0087804794311523,0.0001765852797198,0.0043473274308203,0.01143489933457427,0.05355932144642,0.0768501137789165,0.03292978017805629,0.9497005595797837,0.8091939632004954,0.02474763522375254,0.8766367318679348,0.0768501137789165,0.03292978017805629,0.25279106526216505,physics_score,True,noise_holdout_odd
coarse_v1,poisson,16,0.0,0.0625,poisson_coarse_v1_obs16_noise000,0.1136650741100311,0.6764421057656883,0.3269859254360199,0.1062398180365562,0.0012483596801757,0.0024057237883108,0.0020169700290082,0.42705279934391804,0.33822328126690027,0.9682288237703601,0.12550216668200095,0.06325341482086454,0.801895090425079,0.3800515742215984,0.22521679066506609,0.9682288237703601,0.12550216668200095,0.42474983883475637,structure_score,False,sparsity_holdout_low
coarse_v1,poisson,8,0.0,0.03125,poisson_coarse_v1_obs8_noise000,0.1150391474366188,0.6734542776528515,0.3406028151512146,0.1054766699671745,0.0011312961578369,0.0027265708010143,0.0020838242724627,0.04689133824669296,0.990786711988166,0.5138284199614845,0.7503519897131128,0.0011046334827441817,0.32406179910215094,0.21554422943369617,0.018920082287520696,0.5138284199614845,0.7503519897131128,0.37466118034895357,training_score,False,sparsity_holdout_low
coarse_v1,poisson,16,0.05,0.0625,poisson_coarse_v1_obs16_noise005,0.1129641607403755,0.6767932519957376,0.3276512324810028,0.1067478209733963,0.0010963678359985,0.002417517899179,0.0020347192651732,0.39491818863890105,0.014316431597487186,0.9941278677890799,0.8816427676190011,0.0548670182142235,0.6967343558506703,0.07519188276837047,0.19551914635895382,0.9941278677890799,0.8816427676190011,0.5366204161338513,physics_score,False,sparsity_holdout_low
coarse_v1,poisson,8,0.05,0.03125,poisson_coarse_v1_obs8_noise005,0.1140516549348831,0.6740389158687198,0.3407540917396545,0.1061516255140304,0.0010215044021606,0.0027354767114244,0.0020869765789757,0.04556013107923349,0.48673787370574706,0.922095428603289,0.9811711327000091,0.000985602100187702,0.30242875722894536,0.14891555099203452,0.017264831834744445,0.922095428603289,0.9811711327000091,0.5173617360325192,training_score,False,sparsity_holdout_low
coarse_v1,poisson,16,0.1,0.0625,poisson_coarse_v1_obs16_noise010,0.112718716263771,0.6770330472271732,0.327745109796524,0.1075856164097786,0.0009469985961914,0.0023846150493433,0.0021017567302482,0.39044941831448876,4.0904815277845614e-05,0.9967702385447962,0.997238839354692,0.08130543656285744,0.21292223090161613,0.003996406051879168,0.1315740663557733,0.9967702385447962,0.997238839354692,0.5323948875767852,physics_score,False,sparsity_holdout_low
coarse_v1,poisson,8,0.1,0.03125,poisson_coarse_v1_obs8_noise010,0.1134954467415809,0.674535406045029,0.3388460874557495,0.1070647090673446,0.0009207725524902,0.002728193865528,0.0020951359829935,0.06529942999773977,0.0015732040167531565,0.9787909751819321,0.9986012902270103,0.001081918283634724,0.2504658864187721,0.010135547620337826,0.016461580177590716,0.9787909751819321,0.9986012902270103,0.5009973483017177,physics_score,False,sparsity_holdout_low
coarse_v1,poisson,16,0.15,0.0625,poisson_coarse_v1_obs16_noise015,0.1128442138433456,0.6771984479059888,0.3265943229198456,0.1086180135607719,0.0008187890052795,0.0023298861945351,0.0022098952900457,0.446278222339503,2.945144127482916e-08,0.9956146477428828,0.9999010482808984,0.15143973972273736,0.008508460997754912,0.00011464526530767428,0.03589594850315375,0.9956146477428828,0.9999010482808984,0.5078815724480606,physics_score,False,sparsity_holdout_low
coarse_v1,poisson,8,0.15,0.03125,poisson_coarse_v1_obs8_noise015,0.1131840497255325,0.6748104951749158,0.336963027715683,0.1080217808485031,0.0008383393287658,0.0027374939004344,0.0021132879372448,0.09234160463968734,1.923436205435212e-06,0.989985972410122,0.9998355562428831,0.000960473341732465,0.15771006384122221,0.0004214417938837566,0.012307571329974858,0.989985972410122,0.9998355562428831,0.5006376354442159,physics_score,False,sparsity_holdout_low
coarse_v1,poisson,16,0.2,0.0625,poisson_coarse_v1_obs16_noise020,0.1131214424967765,0.6770785099269512,0.3258940577507019,0.1096661314368248,0.0007106065750122,0.0023200091808563,0.0023613374334189,0.4810234201527646,1.8991794269299527e-11,0.9913958429264894,0.9999940482991383,0.16843316314995216,6.835448007701326e-05,3.0224986078170713e-06,0.00339310496372301,0.9913958429264894,0.9999940482991383,0.49869650467198967,physics_score,False,sparsity_holdout_low
coarse_v1,poisson,8,0.2,0.03125,poisson_coarse_v1_obs8_noise020,0.1129124462604522,0.6748407496631956,0.3363423347473144,0.1088736951351165,0.0007683038711547,0.0027828797661297,0.002142385692336,0.10326337978888897,4.9067602143499146e-09,0.9948220989218977,0.9999733475269591,0.000537107983573507,0.06888859993517492,2.250974552382646e-05,0.006082813247370317,0.9948220989218977,0.9999733475269591,0.5002251923604377,physics_score,False,sparsity_holdout_low
coarse_v1,stokes_poiseuille,16,0.0,0.0625,stokes_poiseuille_coarse_v1_obs16_noise000,0.029774434864521,0.8585358076556335,0.1147735640406608,0.0285721756517887,4.976987838745117e-05,0.0007354579628318,0.0011438478279222,0.020008516106111887,3.809985134686268e-06,1.862245568250011e-08,0.005611560394140246,0.9932885055248563,0.9603166066443953,0.00027610170034140873,0.976663425671563,1.862245568250011e-08,0.005611560394140246,0.24563777659712507,reference_score,False,sparsity_holdout_low
coarse_v1,stokes_poiseuille,8,0.0,0.03125,stokes_poiseuille_coarse_v1_obs8_noise000,0.0271353758871555,0.8628308597519977,0.1123789846897125,0.0256917532533407,3.069639205932617e-05,0.0008257696732966,0.0010584982082097,0.9208387687681439,0.12070881285676309,0.0007085771260670701,0.9999781198504482,0.012307321205524755,0.9689343469484257,0.3333966925608081,0.10920158531339937,0.0007085771260670701,0.9999781198504482,0.36082124371268065,reference_score,False,sparsity_holdout_low
coarse_v1,stokes_poiseuille,16,0.05,0.0625,stokes_poiseuille_coarse_v1_obs16_noise005,0.0284704007208347,0.8591095441586811,0.1145712062716484,0.0283949505537748,4.804134368896485e-05,0.0007582284675892,0.0012926188842676,0.033726080103314134,7.265790080671636e-06,3.415615336648778e-06,0.023300405399228015,0.9328677381147021,0.9395736003821012,0.0004950218361593728,0.9362146652241343,3.415615336648778e-06,0.023300405399228015,0.2400033770187146,reference_score,False,sparsity_holdout_low
coarse_v1,stokes_poiseuille,8,0.05,0.03125,stokes_poiseuille_coarse_v1_obs8_noise005,0.0313751585781574,0.8582905496597371,0.1148681864142417,0.0269611719995737,3.814697265625e-05,0.0007828257986189,0.0011205938417032,0.015640655711918396,0.001345444643792837,3.101948029077209e-11,0.9891872297323918,0.5190435502469104,0.9628691590733229,0.004587334351560658,0.7069448541072172,3.101948029077209e-11,0.9891872297323918,0.4251798545555473,reference_score,False,sparsity_holdout_low
coarse_v1,stokes_poiseuille,16,0.1,0.0625,stokes_poiseuille_coarse_v1_obs16_noise010,0.0278477743268013,0.8591402992454706,0.1145223155617713,0.0288741998374462,5.7816505432128906e-05,0.0007866847989958,0.0016971839459884,0.03821272379983565,1.2680533559312345e-06,4.1129689772048885e-05,6.871285746987588e-06,0.41953174461567033,0.8236298320361697,0.00022012671953594129,0.5878255356410146,4.1129689772048885e-05,6.871285746987588e-06,0.1470234158340174,structure_score,False,sparsity_holdout_low
coarse_v1,stokes_poiseuille,8,0.1,0.03125,stokes_poiseuille_coarse_v1_obs8_noise010,0.0373924821615219,0.8517438294273169,0.1180014684796333,0.0306381750851869,4.798173904418945e-05,0.0007514455297102,0.001578360876666,3.93842953640168e-06,2.054088753183683e-09,1.1149801721351215e-21,0.02445889500239435,0.9656523438373652,0.8692591497714064,8.994378141889031e-08,0.9161889190439022,1e-12,0.02445889500239435,0.2351619759977695,reference_score,False,sparsity_holdout_low
coarse_v1,stokes_poiseuille,16,0.15,0.0625,stokes_poiseuille_coarse_v1_obs16_noise015,0.0279671307653188,0.8586651993332102,0.1145932525396347,0.0299844350665807,7.897615432739258e-05,0.0008200120535646,0.002357768790854,0.031873297371038646,2.2222993655949154e-08,2.552661802144759e-05,1.4894321520582176e-13,0.022160697980207582,0.3958151921575227,2.6614283482197538e-05,0.09365650500301989,2.552661802144759e-05,1e-12,0.023427161476380888,structure_score,False,sparsity_holdout_low
coarse_v1,stokes_poiseuille,8,0.15,0.03125,stokes_poiseuille_coarse_v1_obs8_noise015,0.0445965714752674,0.8435661744240701,0.1216135025024414,0.0359997563064098,5.9723854064941406e-05,0.00073178196266,0.002426540956745,2.7453721758241653e-10,6.774405257735685e-18,3.4914916004083496e-34,1.40022917310202e-06,0.995409178129692,0.3480985004375419,1.656916466157593e-11,0.5886428817447059,1e-12,1.40022917310202e-06,0.14716107049786203,reference_score,True,sparsity_holdout_low
coarse_v1,stokes_poiseuille,16,0.2,0.0625,stokes_poiseuille_coarse_v1_obs16_noise020,0.0288163721561431,0.8575225119029883,0.114903874695301,0.0316693298518657,0.0001107454299926,0.0008612325978595,0.0032753962092284,0.01424945620025663,4.8015887136131113e-11,8.569623927558395e-07,4.636560452606317e-25,0.00031287978490970305,0.04104214761527442,8.271639986500658e-07,0.0035834701503011496,8.569623927558395e-07,1e-12,0.0008962885694231388,structure_score,False,sparsity_holdout_low
coarse_v1,stokes_poiseuille,8,0.2,0.03125,stokes_poiseuille_coarse_v1_obs8_noise020,0.0526181422173976,0.8331443080464018,0.1262373477220535,0.0424089320003986,7.450580596923828e-05,0.000734466196542,0.0036643745885163,1.3106501891936623e-15,4.919059960290954e-28,4.167147924029531e-48,6.196977743283254e-12,0.9939416013538291,0.013284697660429643,1e-12,0.11490958909555332,1e-12,6.196977743283254e-12,0.028727397275937577,physics_score,True,sparsity_holdout_low
coarse_fisher_kpp_v1,fisher_kpp,16,0.0,0.0625,fisher_kpp_coarse_fisher_kpp_v1_obs16_noise000,0.0119156911969184,0.9478073224455072,0.021271226927638,0.0052385497838258,0.0001500844955444,5.029327523742167e-06,0.0001121674760796,0.6963916668678518,0.938700058168506,0.957845206025227,0.948251728678573,0.9875470131574433,0.9520838968605849,0.808518953517427,0.9696533445618438,0.957845206025227,0.948251728678573,0.9210673081957677,physics_score,False,sparsity_holdout_low
coarse_fisher_kpp_v1,fisher_kpp,8,0.0,0.03125,fisher_kpp_coarse_fisher_kpp_v1_obs8_noise000,0.0161618236452341,0.94753204724311,0.0189237967133522,0.0059151840396225,0.0001633167266845,6.512370207938662e-06,0.0001205162013697,0.8962846935831815,0.9059446440430005,0.7184631696180026,0.9378700608630562,0.9699710987621092,0.9518927042060974,0.9011017243848805,0.960889386039009,0.7184631696180026,0.9378700608630562,0.879581085226237,reference_score,False,sparsity_holdout_low
coarse_fisher_kpp_v1,fisher_kpp,16,0.05,0.0625,fisher_kpp_coarse_fisher_kpp_v1_obs16_noise005,0.021828755736351,0.9445221799273036,0.0229935515671968,0.0088396836072206,0.0001777410507202,6.1721873922943465e-06,0.0003838406426141,0.46430087811472315,0.5649458867102303,0.12118497231095529,0.9243570600367876,0.9754245990937027,0.9454777897266027,0.512157076771239,0.9603344698572844,0.12118497231095529,0.9243570600367876,0.6295083947440666,reference_score,True,sparsity_holdout_low
coarse_fisher_kpp_v1,fisher_kpp,8,0.05,0.03125,fisher_kpp_coarse_fisher_kpp_v1_obs8_noise005,0.0221153497695922,0.9454529113669016,0.0213852878659963,0.0062663736753165,0.0003836154937744,7.3242880884346654e-06,0.0004735158101971,0.6825948986321672,0.8833417459322779,0.10632573859345883,0.37451792285277674,0.951818248437148,0.9431147217579412,0.7765079326846602,0.94745649110602,0.10632573859345883,0.37451792285277674,0.551202021309229,reference_score,True,sparsity_holdout_low
coarse_fisher_kpp_v1,fisher_kpp,16,0.1,0.0625,fisher_kpp_coarse_fisher_kpp_v1_obs16_noise010,0.039350401610136,0.9372074937888552,0.0276084654033184,0.0150208892300724,0.0004549026489257,8.712350198001439e-06,0.0011295733804409,0.06004517100102415,0.018450606823351288,1.6638357512847843e-05,0.17404820896983572,0.8949901064481469,0.9226878525011857,0.033284678784401556,0.9087334589022505,1.6638357512847843e-05,0.17404820896983572,0.27902074625350015,reference_score,True,sparsity_holdout_low
coarse_fisher_kpp_v1,fisher_kpp,8,0.1,0.03125,fisher_kpp_coarse_fisher_kpp_v1_obs8_noise010,0.0310604721307754,0.9411300752018372,0.0267904344946146,0.0081604300066828,0.0008832216262817,1.4997611671086385e-05,0.0015434981876002,0.09207990555035812,0.6740755696511442,0.0011871644151282325,0.00039672822731968846,0.1592645278074153,0.9065353537161452,0.24913613705619106,0.37997226879119755,0.0011871644151282325,0.00039672822731968846,0.15767307462245914,structure_score,True,sparsity_holdout_low
coarse_fisher_kpp_v1,fisher_kpp,16,0.2,0.0625,fisher_kpp_coarse_fisher_kpp_v1_obs16_noise020,0.0763875544071197,0.9142683639685008,0.0414056405425071,0.02855103649199,0.0016762018203735,1.8197746687616823e-05,0.0039919215969109,2.627302951685422e-05,1.769619464619382e-06,8.676719712870585e-14,3.577418506663288e-09,0.026551194038541334,0.7398689111984408,6.81859695447273e-06,0.14015849251584475,1e-12,3.577418506663288e-09,0.035041328672804434,reference_score,True,sparsity_holdout_low
coarse_fisher_kpp_v1,fisher_kpp,8,0.2,0.03125,fisher_kpp_coarse_fisher_kpp_v1_obs8_noise020,0.0545796863734722,0.9239552591400836,0.0462593026459217,0.0137968771159648,0.0032048821449279,6.669245464970232e-05,0.0057135893181507,1.6920926641962613e-06,0.041672212418680965,6.536325397696507e-09,6.72675170961013e-19,4.795743920029557e-15,0.5455389427565936,0.00026554330143025335,7.386060809095695e-07,6.536325397696507e-09,1e-12,6.657211120914015e-05,structure_score,True,sparsity_holdout_low
coarse_fisher_kpp_v1,fisher_kpp,16,0.3,0.0625,fisher_kpp_coarse_fisher_kpp_v1_obs16_noise030,0.1130756437778472,0.8793187822937356,0.0579703599214553,0.0422258488833904,0.0036888718605041,3.263967389222225e-05,0.0085361020066421,2.262101579580092e-09,1.5087394876846366e-10,5.415715812235799e-22,5.604899177580434e-22,4.338123826027187e-06,0.2259135096107023,5.842021891662402e-10,0.0009899700897823174,1e-12,1e-12,0.00024749266899612665,reference_score,True,sparsity_holdout_low
coarse_fisher_kpp_v1,fisher_kpp,8,0.3,0.03125,fisher_kpp_coarse_fisher_kpp_v1_obs8_noise030,0.0895422771573066,0.8705911384870575,0.0889578014612197,0.0204082783311605,0.0086526870727539,0.0002921021693843,0.0118707061005592,5.625263031329977e-17,0.0004685424178681205,9.92005102766244e-17,1.4716375833861801e-53,2.4794255933868892e-74,0.05203981986264705,2.1645840659769268e-08,2.2812237913595205e-07,1e-12,1e-12,6.244255494893032e-08,reference_score,True,sparsity_holdout_low
coarse_v1,burgers,16,0.0,0.0625,burgers_coarse_v1_obs16_noise000,0.0580012165009975,0.8962832692078604,0.0678660422563552,0.0260200444608926,0.0078675150871276,0.0029425462231637,0.0029650228059008,0.25437813635328255,1.867672253474434e-08,0.0009258323906247643,0.01236730559569427,9.727766301801809e-05,0.8896421528666791,6.892713450866516e-05,0.009302811916468534,0.0009258323906247643,0.01236730559569427,0.005666219259324059,physics_score,True,sparsity_holdout_low
coarse_v1,burgers,8,0.0,0.03125,burgers_coarse_v1_obs8_noise000,0.0172600466758012,0.9176872419892984,0.068641074001789,0.0165265165269374,0.0003976225852966,0.0002866839404117,0.0015326377999158,0.1731545168647852,0.5885878187587579,0.9647233873770467,0.9495777875920746,0.921004440831006,0.9468969259017553,0.31924385568037245,0.9338609499088955,0.9647233873770467,0.9495777875920746,0.7918514951395974,physics_score,False,sparsity_holdout_low
coarse_v1,burgers,16,0.05,0.0625,burgers_coarse_v1_obs16_noise005,0.0413615331053733,0.9145347216692116,0.0617914423346519,0.0177341103553771,0.0052028894424438,0.0011261834286632,0.0017226967008414,0.9399005454813958,0.12443281461847801,0.05840470811527549,0.1454700024142063,0.22438513347367467,0.9413440639239946,0.3419860674584462,0.4595907020689571,0.05840470811527549,0.1454700024142063,0.25136287001422125,reference_score,True,sparsity_holdout_low
coarse_v1,burgers,8,0.05,0.03125,burgers_coarse_v1_obs8_noise005,0.0237047802656888,0.9143956031809756,0.0703538879752159,0.0169861260801553,0.0009611845016479,0.0004082764589748,0.0019095693509311,0.06648436717003374,0.37267369467768374,0.8429676828369257,0.9155717079464112,0.8722158308013739,0.9353571137034996,0.15740703526705588,0.9032348985866706,0.8429676828369257,0.9155717079464112,0.7047953311592658,physics_score,False,sparsity_holdout_low
coarse_v1,burgers,16,0.1,0.0625,burgers_coarse_v1_obs16_noise010,0.0466983988881111,0.9112466428228254,0.0658892393112182,0.0187487732619047,0.0073482990264892,8.987298365013809e-05,0.0032127673498677,0.5422476011604831,0.020008084854970347,0.015852622816300715,0.020397264866866015,0.9651974954133838,0.875423164742822,0.1041601460080729,0.9192150162158089,0.015852622816300715,0.020397264866866015,0.26490626247676213,reference_score,True,sparsity_holdout_low
coarse_v1,burgers,8,0.1,0.03125,burgers_coarse_v1_obs8_noise010,0.0385937206447124,0.9053024338134282,0.0755601078271865,0.0182673744857311,0.0037477612495422,0.000346653291648,0.0027831737467194,0.0026770939448101266,0.048760421160663675,0.11096302428740981,0.4144831179659426,0.8995310327127369,0.8991555177585315,0.011425245215556833,0.8993432556364047,0.11096302428740981,0.4144831179659426,0.3590536607763285,physics_score,True,sparsity_holdout_low
coarse_v1,burgers,16,0.15,0.0625,burgers_coarse_v1_obs16_noise015,0.0550826266407966,0.8916623652599485,0.0749806389212608,0.0243390928953886,0.010582149028778,0.0027397729412611,0.0065018521416279,0.003851430790876041,4.648423560539762e-07,0.0019333560522941473,0.0008763184583506877,0.00023751998305865184,0.5316799795145405,4.231203331216367e-05,0.011237642979153504,0.0019333560522941473,0.0008763184583506877,0.0035224073807776255,physics_score,True,sparsity_holdout_low
coarse_v1,burgers,8,0.15,0.03125,burgers_coarse_v1_obs8_noise015,0.0557237528264522,0.8919661638040233,0.0827124342322349,0.0198122169822454,0.0087804794311523,0.0001765852797198,0.0043473274308203,2.970527778283367e-05,0.0026647106326985436,0.0016447324101885137,0.005094984194269626,0.949828965228127,0.7893451276450821,0.00028134670702743386,0.8658769345576727,0.0016447324101885137,0.005094984194269626,0.21822449946728956,physics_score,True,sparsity_holdout_low
coarse_v1,burgers,16,0.2,0.0625,burgers_coarse_v1_obs16_noise020,0.0821601822972297,0.8749778522571764,0.0822843089699745,0.0261779185384511,0.0183374881744384,0.0016614773481287,0.010221549746333,3.8896552684587944e-05,1.3809838530093994e-08,2.071547761918614e-06,4.409630499429272e-07,0.026668993117062296,0.12623551613601416,7.329086654907646e-07,0.05802218636832094,2.071547761918614e-06,4.409630499429272e-07,0.014506357946949574,structure_score,True,sparsity_holdout_low
coarse_v1,burgers,8,0.2,0.03125,burgers_coarse_v1_obs8_noise020,0.0758985877037048,0.8733315236549659,0.0908048823475837,0.0213291849941015,0.0170791745185852,0.0001606686276165,0.0064546482845001,1.8187186044738454e-07,0.0001468675183809065,1.0076092309466763e-05,1.5122038094770355e-06,0.9530652942438155,0.5381883537202495,5.1682752255685755e-06,0.716190366939534,1.0076092309466763e-05,1.5122038094770355e-06,0.17905178087771964,structure_score,True,sparsity_holdout_low
