probe_name,case,label,num_observation,noise_std,seed,run_name,rel_l2,reliability_raw,physics_rms,boundary_rms,structure_error,loss_std,loss_ratio,threshold_rel_l2,crosses_threshold
keypoints_v2_wave_equation,wave_equation,safe_clean_obs256_noise000,256,0.0,1,wave_equation_keypoints_v2_wave_equation_obs256_noise000_seed1,0.060200098901987076,0.9032525807379519,0.06664077937602997,0.029596904292702675,0.001774907112121582,0.0004954042036053441,0.003954420246058243,0.25,0
keypoints_v2_wave_equation,wave_equation,safe_clean_obs256_noise000,256,0.0,2,wave_equation_keypoints_v2_wave_equation_obs256_noise000_seed2,0.037049613893032074,0.9272716745922651,0.044723860919475555,0.02447620965540409,0.0005667209625244141,0.00025946621459457364,0.0019504294221429767,0.25,0
keypoints_v2_wave_equation,wave_equation,safe_clean_obs256_noise000,256,0.0,3,wave_equation_keypoints_v2_wave_equation_obs256_noise000_seed3,0.07779935002326965,0.8829512240513729,0.07874181121587753,0.03497939929366112,0.0036206841468811035,0.000641745332499015,0.006919946628575784,0.25,0
keypoints_v2_wave_equation,wave_equation,safe_clean_obs256_noise000,256,0.0,4,wave_equation_keypoints_v2_wave_equation_obs256_noise000_seed4,0.08943893015384674,0.8665274679850609,0.0625990480184555,0.04105120524764061,0.005419492721557617,0.0058318266162548805,0.006360859909931469,0.25,0
keypoints_v2_wave_equation,wave_equation,safe_clean_obs256_noise000,256,0.0,5,wave_equation_keypoints_v2_wave_equation_obs256_noise000_seed5,0.08703456819057465,0.8845718343429376,0.06524725258350372,0.04100038483738899,0.005146324634552002,0.0019587692786406205,0.006634450584326392,0.25,0
keypoints_v2_wave_equation,wave_equation,safe_clean_obs256_noise000,256,0.0,6,wave_equation_keypoints_v2_wave_equation_obs256_noise000_seed6,0.062287431210279465,0.9033225297429079,0.05202054604887962,0.030294375494122505,0.002246379852294922,0.003528507655991658,0.004364726480032251,0.25,0
keypoints_v2_wave_equation,wave_equation,safe_clean_obs256_noise000,256,0.0,7,wave_equation_keypoints_v2_wave_equation_obs256_noise000_seed7,0.09747453778982162,0.7345220313542219,0.06562653928995132,0.046917542815208435,0.006064891815185547,0.015963729008650167,0.0061688432551720036,0.25,0
keypoints_v2_wave_equation,wave_equation,safe_clean_obs256_noise000,256,0.0,8,wave_equation_keypoints_v2_wave_equation_obs256_noise000_seed8,0.05530035123229027,0.898258218103051,0.050914522260427475,0.027818432077765465,0.001521289348602295,0.005246957123843883,0.003627718298173852,0.25,0
keypoints_v2_wave_equation,wave_equation,safe_clean_obs256_noise000,256,0.0,9,wave_equation_keypoints_v2_wave_equation_obs256_noise000_seed9,0.08298161625862122,0.8672624387444723,0.09132911264896393,0.03426221013069153,0.00537419319152832,0.0006139527061593499,0.007483792254579055,0.25,0
keypoints_v2_wave_equation,wave_equation,safe_clean_obs256_noise000,256,0.0,10,wave_equation_keypoints_v2_wave_equation_obs256_noise000_seed10,0.04652468115091324,0.919948996374921,0.051077574491500854,0.02730155736207962,0.0011581182479858398,0.00029465520882366285,0.0027433823254007592,0.25,0
keypoints_v2_wave_equation,wave_equation,safe_clean_obs256_noise000,256,0.0,11,wave_equation_keypoints_v2_wave_equation_obs256_noise000_seed11,0.0876990407705307,0.8838403300269622,0.07204549014568329,0.03722456842660904,0.005243897438049316,0.00043031390129034047,0.007524657993660847,0.25,0
keypoints_v2_wave_equation,wave_equation,safe_clean_obs256_noise000,256,0.0,12,wave_equation_keypoints_v2_wave_equation_obs256_noise000_seed12,0.05092908442020416,0.9094318465649246,0.06260757893323898,0.03132954612374306,0.0013658404350280762,0.0002798228729345468,0.0035269422608578977,0.25,0
keypoints_v2_wave_equation,wave_equation,safe_clean_obs256_noise000,256,0.0,13,wave_equation_keypoints_v2_wave_equation_obs256_noise000_seed13,0.04360189288854599,0.9238278836973366,0.04650256782770157,0.024434570223093033,0.0009881258010864258,0.0005729715273742906,0.0025979293497649246,0.25,0
keypoints_v2_wave_equation,wave_equation,safe_clean_obs256_noise000,256,0.0,14,wave_equation_keypoints_v2_wave_equation_obs256_noise000_seed14,0.062591053545475,0.897417172625323,0.07045511901378632,0.03313324972987175,0.002951204776763916,0.0006764969256347388,0.004910978536159885,0.25,0
keypoints_v2_wave_equation,wave_equation,safe_clean_obs256_noise000,256,0.0,15,wave_equation_keypoints_v2_wave_equation_obs256_noise000_seed15,0.06859210878610611,0.9075552389140749,0.05618897080421448,0.030431944876909256,0.002033829689025879,0.00044583305619691667,0.004423296611338668,0.25,0
keypoints_v2_wave_equation,wave_equation,safe_clean_obs256_noise000,256,0.0,16,wave_equation_keypoints_v2_wave_equation_obs256_noise000_seed16,0.06384211033582687,0.7395470558303756,0.060366325080394745,0.039365559816360474,0.0034446120262145996,0.017608232117975207,0.007171757492158271,0.25,0
keypoints_v2_wave_equation,wave_equation,safe_clean_obs256_noise000,256,0.0,17,wave_equation_keypoints_v2_wave_equation_obs256_noise000_seed17,0.04767068848013878,0.9169864840195434,0.052486855536699295,0.030264411121606827,0.0013942718505859375,0.000654576318954778,0.003174271287747446,0.25,0
keypoints_v2_wave_equation,wave_equation,safe_clean_obs256_noise000,256,0.0,18,wave_equation_keypoints_v2_wave_equation_obs256_noise000_seed18,0.09093758463859558,0.6973320149921889,0.06993608176708221,0.04808995872735977,0.0038428902626037598,0.019695278541939025,0.006234431128616873,0.25,0
keypoints_v2_wave_equation,wave_equation,safe_clean_obs256_noise000,256,0.0,19,wave_equation_keypoints_v2_wave_equation_obs256_noise000_seed19,0.15745370090007782,0.691427542764768,0.08780695497989655,0.06681589782238007,0.012772083282470703,0.013463022920663259,0.016993898873446545,0.25,0
keypoints_v2_wave_equation,wave_equation,safe_clean_obs256_noise000,256,0.0,20,wave_equation_keypoints_v2_wave_equation_obs256_noise000_seed20,0.049756575375795364,0.9190992408754791,0.04910906404256821,0.028831562027335167,0.0014914870262145996,0.0005225742775789009,0.003047924824597686,0.25,0
keypoints_v2_wave_equation,wave_equation,safe_clean_obs256_noise000,256,0.0,21,wave_equation_keypoints_v2_wave_equation_obs256_noise000_seed21,0.07582046091556549,0.8827980572017999,0.06754520535469055,0.04474274069070816,0.003855884075164795,0.0030390313714488636,0.006714134170858341,0.25,0
keypoints_v2_wave_equation,wave_equation,safe_clean_obs256_noise000,256,0.0,22,wave_equation_keypoints_v2_wave_equation_obs256_noise000_seed22,0.05850532278418541,0.8971179144192918,0.07428242266178131,0.02948007360100746,0.0020384788513183594,0.0005521825257784202,0.004055287724229079,0.25,0
keypoints_v2_wave_equation,wave_equation,safe_clean_obs256_noise000,256,0.0,23,wave_equation_keypoints_v2_wave_equation_obs256_noise000_seed23,0.06603891402482986,0.9029951562570141,0.06388261914253235,0.03043978102505207,0.0025396347045898438,0.00042347654662650816,0.004459020107506722,0.25,0
keypoints_v2_wave_equation,wave_equation,safe_clean_obs256_noise000,256,0.0,24,wave_equation_keypoints_v2_wave_equation_obs256_noise000_seed24,0.0680413544178009,0.818237322942687,0.0651349127292633,0.03317869454622269,0.002577662467956543,0.011263203451242527,0.005767513129214404,0.25,0
keypoints_v2_wave_equation,wave_equation,safe_clean_obs256_noise000,256,0.0,25,wave_equation_keypoints_v2_wave_equation_obs256_noise000_seed25,0.09112455695867538,0.8824063455007288,0.06612695753574371,0.047191981226205826,0.0031969547271728516,0.0007048162041054821,0.0074711855408919016,0.25,0
keypoints_v2_wave_equation,wave_equation,safe_clean_obs256_noise000,256,0.0,26,wave_equation_keypoints_v2_wave_equation_obs256_noise000_seed26,0.045584242790937424,0.923606577540326,0.04639337211847305,0.02501615881919861,0.0014770030975341797,0.00028645258809868463,0.002425131942927253,0.25,0
keypoints_v2_wave_equation,wave_equation,safe_clean_obs256_noise000,256,0.0,27,wave_equation_keypoints_v2_wave_equation_obs256_noise000_seed27,0.07597831636667252,0.8914967935091279,0.06953687965869904,0.036235496401786804,0.002487778663635254,0.0008143404259487005,0.005163276994595398,0.25,0
keypoints_v2_wave_equation,wave_equation,safe_clean_obs256_noise000,256,0.0,28,wave_equation_keypoints_v2_wave_equation_obs256_noise000_seed28,0.052212849259376526,0.9184186679886988,0.05147667974233627,0.025099916383624077,0.00196993350982666,0.00033687240808833,0.0029105030709342394,0.25,0
keypoints_v2_wave_equation,wave_equation,safe_clean_obs256_noise000,256,0.0,29,wave_equation_keypoints_v2_wave_equation_obs256_noise000_seed29,0.06098472699522972,0.8963633438585763,0.07364063709974289,0.029103368520736694,0.0023385286331176758,0.0008044793193246448,0.0043896251268851745,0.25,0
keypoints_v2_wave_equation,wave_equation,safe_clean_obs256_noise000,256,0.0,30,wave_equation_keypoints_v2_wave_equation_obs256_noise000_seed30,0.08322681486606598,0.8804810943002876,0.07712829113006592,0.035715196281671524,0.004710376262664795,0.0011453468834355545,0.006605898788140283,0.25,0
keypoints_v2_wave_equation,wave_equation,safe_edge_obs128_noise005,128,0.05,1,wave_equation_keypoints_v2_wave_equation_obs128_noise050_seed1,0.06587416678667068,0.9053002014090656,0.05791362747550011,0.028445547446608543,0.0025072097778320312,0.0016339306148107362,0.00454701016227798,0.25,0
keypoints_v2_wave_equation,wave_equation,safe_edge_obs128_noise005,128,0.05,2,wave_equation_keypoints_v2_wave_equation_obs128_noise050_seed2,0.045997634530067444,0.9224954789326272,0.04728929325938225,0.026251664385199547,0.0014314651489257812,0.0003371210065298346,0.0034766837904272887,0.25,0
keypoints_v2_wave_equation,wave_equation,safe_edge_obs128_noise005,128,0.05,3,wave_equation_keypoints_v2_wave_equation_obs128_noise050_seed3,0.06266521662473679,0.909853622631171,0.05680236965417862,0.029510188847780228,0.0022084712982177734,0.00035929114206344144,0.005084497518659224,0.25,0
keypoints_v2_wave_equation,wave_equation,safe_edge_obs128_noise005,128,0.05,4,wave_equation_keypoints_v2_wave_equation_obs128_noise050_seed4,0.07618113607168198,0.8976802049377361,0.05913181230425835,0.0334794744849205,0.003944575786590576,0.0018375853333848099,0.005063989991531861,0.25,0
keypoints_v2_wave_equation,wave_equation,safe_edge_obs128_noise005,128,0.05,5,wave_equation_keypoints_v2_wave_equation_obs128_noise050_seed5,0.08578009158372879,0.888292466645124,0.06535625457763672,0.03868415206670761,0.004450201988220215,0.0011651055927451668,0.006660513526571789,0.25,0
keypoints_v2_wave_equation,wave_equation,safe_edge_obs128_noise005,128,0.05,6,wave_equation_keypoints_v2_wave_equation_obs128_noise050_seed6,0.06313154846429825,0.9152368991270595,0.04667770490050316,0.0313793383538723,0.0020845532417297363,0.00033162579492939813,0.004621684303990886,0.25,0
keypoints_v2_wave_equation,wave_equation,safe_edge_obs128_noise005,128,0.05,7,wave_equation_keypoints_v2_wave_equation_obs128_noise050_seed7,0.06353890150785446,0.8218399636409728,0.06523770093917847,0.03673077002167702,0.0026854872703552246,0.011021880859586348,0.005828900823936694,0.25,0
keypoints_v2_wave_equation,wave_equation,safe_edge_obs128_noise005,128,0.05,8,wave_equation_keypoints_v2_wave_equation_obs128_noise050_seed8,0.03627537190914154,0.9272274358433195,0.04500417038798332,0.024499842897057533,0.0008996129035949707,0.000271134312597464,0.0031569344781205958,0.25,0
keypoints_v2_wave_equation,wave_equation,safe_edge_obs128_noise005,128,0.05,9,wave_equation_keypoints_v2_wave_equation_obs128_noise050_seed9,0.09535208344459534,0.8407330750982664,0.10542948544025421,0.04278600215911865,0.006040215492248535,0.0007689582145183585,0.01041142909318158,0.25,0
keypoints_v2_wave_equation,wave_equation,safe_edge_obs128_noise005,128,0.05,10,wave_equation_keypoints_v2_wave_equation_obs128_noise050_seed10,0.04858327656984329,0.9212205537803652,0.042290620505809784,0.031817857176065445,0.0014383196830749512,0.0008984770679036965,0.004024806501294539,0.25,0
keypoints_v2_wave_equation,wave_equation,safe_edge_obs128_noise005,128,0.05,11,wave_equation_keypoints_v2_wave_equation_obs128_noise050_seed11,0.09586432576179504,0.8452460053330175,0.06082971394062042,0.035747040063142776,0.007133364677429199,0.008188562815559096,0.009447503992637822,0.25,0
keypoints_v2_wave_equation,wave_equation,safe_edge_obs128_noise005,128,0.05,12,wave_equation_keypoints_v2_wave_equation_obs128_noise050_seed12,0.059801723808050156,0.7283522925292676,0.04236450046300888,0.0360836498439312,0.0021791458129882812,0.020501075395388858,0.008740768877579632,0.25,0
keypoints_v2_wave_equation,wave_equation,safe_edge_obs128_noise005,128,0.05,13,wave_equation_keypoints_v2_wave_equation_obs128_noise050_seed13,0.03829323500394821,0.9127685605104794,0.03783414885401726,0.0219825878739357,0.000932157039642334,0.005149377834242542,0.00259342115487425,0.25,0
keypoints_v2_wave_equation,wave_equation,safe_edge_obs128_noise005,128,0.05,14,wave_equation_keypoints_v2_wave_equation_obs128_noise050_seed14,0.06522960960865021,0.8931280258187824,0.05620410665869713,0.030624432489275932,0.0031753182411193848,0.004752715555044162,0.004953497975015455,0.25,0
keypoints_v2_wave_equation,wave_equation,safe_edge_obs128_noise005,128,0.05,15,wave_equation_keypoints_v2_wave_equation_obs128_noise050_seed15,0.09546303004026413,0.876285547229243,0.05634875223040581,0.04489913210272789,0.005370199680328369,0.00412141649974437,0.00904802212250737,0.25,0
keypoints_v2_wave_equation,wave_equation,safe_edge_obs128_noise005,128,0.05,16,wave_equation_keypoints_v2_wave_equation_obs128_noise050_seed16,0.045575693249702454,0.9140177593398728,0.06191138178110123,0.024424729868769646,0.0010491609573364258,0.00019415557213212244,0.003883514501149966,0.25,0
keypoints_v2_wave_equation,wave_equation,safe_edge_obs128_noise005,128,0.05,17,wave_equation_keypoints_v2_wave_equation_obs128_noise050_seed17,0.062301360070705414,0.8985894212776739,0.06549512594938278,0.03337497264146805,0.0026977062225341797,0.0018834048532603313,0.0056589670196542435,0.25,0
keypoints_v2_wave_equation,wave_equation,safe_edge_obs128_noise005,128,0.05,18,wave_equation_keypoints_v2_wave_equation_obs128_noise050_seed18,0.05995076894760132,0.9122664529935427,0.0566265732049942,0.025433918461203575,0.0026955604553222656,0.00032352322207016774,0.0046700185876752814,0.25,0
keypoints_v2_wave_equation,wave_equation,safe_edge_obs128_noise005,128,0.05,19,wave_equation_keypoints_v2_wave_equation_obs128_noise050_seed19,0.10576547682285309,0.865864742965581,0.07790680974721909,0.039431825280189514,0.010098695755004883,0.0009412294185613055,0.009328985023908129,0.25,0
keypoints_v2_wave_equation,wave_equation,safe_edge_obs128_noise005,128,0.05,20,wave_equation_keypoints_v2_wave_equation_obs128_noise050_seed20,0.06589335203170776,0.8379337561664966,0.04963630065321922,0.031192803755402565,0.0014809370040893555,0.010716786171416378,0.007998580800022793,0.25,0
keypoints_v2_wave_equation,wave_equation,safe_edge_obs128_noise005,128,0.05,21,wave_equation_keypoints_v2_wave_equation_obs128_noise050_seed21,0.05536144599318504,0.9173220182662472,0.05023092404007912,0.028023887425661087,0.0020692944526672363,0.00023819229245438468,0.004902505033789724,0.25,0
keypoints_v2_wave_equation,wave_equation,safe_edge_obs128_noise005,128,0.05,22,wave_equation_keypoints_v2_wave_equation_obs128_noise050_seed22,0.06672058999538422,0.8967879712576226,0.06933365017175674,0.03221956640481949,0.002874433994293213,0.0008402238626635323,0.005611839136664345,0.25,0
keypoints_v2_wave_equation,wave_equation,safe_edge_obs128_noise005,128,0.05,23,wave_equation_keypoints_v2_wave_equation_obs128_noise050_seed23,0.06940609216690063,0.8945632523447054,0.07090049237012863,0.03424530476331711,0.001969754695892334,0.0004708275216763131,0.007297034122847156,0.25,0
keypoints_v2_wave_equation,wave_equation,safe_edge_obs128_noise005,128,0.05,24,wave_equation_keypoints_v2_wave_equation_obs128_noise050_seed24,0.06816230714321136,0.8689697822154238,0.07262509316205978,0.031154748052358627,0.0026340484619140625,0.006250476555972994,0.00703451152026954,0.25,0
keypoints_v2_wave_equation,wave_equation,safe_edge_obs128_noise005,128,0.05,25,wave_equation_keypoints_v2_wave_equation_obs128_noise050_seed25,0.10183686017990112,0.8695969271992267,0.07416638731956482,0.047296714037656784,0.004020810127258301,0.0007674607096849561,0.009302323006728284,0.25,0
keypoints_v2_wave_equation,wave_equation,safe_edge_obs128_noise005,128,0.05,26,wave_equation_keypoints_v2_wave_equation_obs128_noise050_seed26,0.07956752181053162,0.8966170630138915,0.060380809009075165,0.038835689425468445,0.004353761672973633,0.0003344269374029627,0.006101900587354227,0.25,0
keypoints_v2_wave_equation,wave_equation,safe_edge_obs128_noise005,128,0.05,27,wave_equation_keypoints_v2_wave_equation_obs128_noise050_seed27,0.13461744785308838,0.8212201218285757,0.06889621168375015,0.05566674843430519,0.0089493989944458,0.006344442872603942,0.011116647911087166,0.25,0
keypoints_v2_wave_equation,wave_equation,safe_edge_obs128_noise005,128,0.05,28,wave_equation_keypoints_v2_wave_equation_obs128_noise050_seed28,0.06827570497989655,0.9132247724372524,0.04976462200284004,0.02679351158440113,0.003147721290588379,0.00018101368973579796,0.004302522597474838,0.25,0
keypoints_v2_wave_equation,wave_equation,safe_edge_obs128_noise005,128,0.05,29,wave_equation_keypoints_v2_wave_equation_obs128_noise050_seed29,0.07371744513511658,0.8926029616106912,0.07000696659088135,0.031067607924342155,0.003637552261352539,0.0012858708717328486,0.00717757961406848,0.25,0
keypoints_v2_wave_equation,wave_equation,safe_edge_obs128_noise005,128,0.05,30,wave_equation_keypoints_v2_wave_equation_obs128_noise050_seed30,0.07916013151407242,0.8919109799669178,0.06755883991718292,0.03758673369884491,0.00396806001663208,0.0003331504374786541,0.006700226402549964,0.25,0
keypoints_v2_wave_equation,wave_equation,edge_obs64_noise010,64,0.1,1,wave_equation_keypoints_v2_wave_equation_obs64_noise100_seed1,0.08190024644136429,0.900398334504627,0.05703594908118248,0.032827332615852356,0.003594696521759033,0.00030158292670326355,0.007817193590049593,0.25,0
keypoints_v2_wave_equation,wave_equation,edge_obs64_noise010,64,0.1,2,wave_equation_keypoints_v2_wave_equation_obs64_noise100_seed2,0.06150366738438606,0.90901675441306,0.04349759593605995,0.029707767069339752,0.002749145030975342,0.0033903609853614043,0.007513522192933486,0.25,0
keypoints_v2_wave_equation,wave_equation,edge_obs64_noise010,64,0.1,3,wave_equation_keypoints_v2_wave_equation_obs64_noise100_seed3,0.07086805999279022,0.8851274846582952,0.0803879052400589,0.03498365357518196,0.002479851245880127,0.0002901423990203475,0.007917554099341063,0.25,0
keypoints_v2_wave_equation,wave_equation,edge_obs64_noise010,64,0.1,4,wave_equation_keypoints_v2_wave_equation_obs64_noise100_seed4,0.10475633293390274,0.877221101576323,0.06134810671210289,0.04361468181014061,0.008732855319976807,0.0015441996161383673,0.011376964059433337,0.25,0
keypoints_v2_wave_equation,wave_equation,edge_obs64_noise010,64,0.1,5,wave_equation_keypoints_v2_wave_equation_obs64_noise100_seed5,0.14292430877685547,0.8002683623769502,0.07456881552934647,0.0607730895280838,0.013528585433959961,0.007023317368337814,0.015881804717868125,0.25,0
keypoints_v2_wave_equation,wave_equation,edge_obs64_noise010,64,0.1,6,wave_equation_keypoints_v2_wave_equation_obs64_noise100_seed6,0.07551290839910507,0.8973979712369857,0.06257189810276031,0.03723619505763054,0.003250300884246826,0.000435562662853512,0.009818139915140271,0.25,0
keypoints_v2_wave_equation,wave_equation,edge_obs64_noise010,64,0.1,7,wave_equation_keypoints_v2_wave_equation_obs64_noise100_seed7,0.05674775689840317,0.9062365771997236,0.06289783865213394,0.03200957179069519,0.0014722943305969238,0.0006586828540419367,0.006925079832514331,0.25,0
keypoints_v2_wave_equation,wave_equation,edge_obs64_noise010,64,0.1,8,wave_equation_keypoints_v2_wave_equation_obs64_noise100_seed8,0.05654267594218254,0.9166517051909708,0.05015593767166138,0.028755957260727882,0.0017828941345214844,0.00028291233365020595,0.00687505180090945,0.25,0
keypoints_v2_wave_equation,wave_equation,edge_obs64_noise010,64,0.1,9,wave_equation_keypoints_v2_wave_equation_obs64_noise100_seed9,0.10470937192440033,0.8348560271118954,0.09096387028694153,0.04016055539250374,0.007845282554626465,0.005357398568965552,0.012145714851687328,0.25,0
keypoints_v2_wave_equation,wave_equation,edge_obs64_noise010,64,0.1,10,wave_equation_keypoints_v2_wave_equation_obs64_noise100_seed10,0.05204709619283676,0.9169797805190659,0.0504787378013134,0.02950507402420044,0.0009614229202270508,0.0007154805041509157,0.006416809753268413,0.25,0
keypoints_v2_wave_equation,wave_equation,edge_obs64_noise010,64,0.1,11,wave_equation_keypoints_v2_wave_equation_obs64_noise100_seed11,0.10259778052568436,0.875633103498599,0.07175642251968384,0.03829267621040344,0.0074048638343811035,0.0002692286249787088,0.009574593288986358,0.25,0
keypoints_v2_wave_equation,wave_equation,edge_obs64_noise010,64,0.1,12,wave_equation_keypoints_v2_wave_equation_obs64_noise100_seed12,0.08281354606151581,0.909001307944393,0.042264193296432495,0.030474483966827393,0.004845023155212402,0.00039137229567081186,0.008062207777990422,0.25,0
keypoints_v2_wave_equation,wave_equation,edge_obs64_noise010,64,0.1,13,wave_equation_keypoints_v2_wave_equation_obs64_noise100_seed13,0.05710308626294136,0.9130997332991078,0.05305148661136627,0.032310858368873596,0.0028424859046936035,0.00037203341017467593,0.007489100618537792,0.25,0
keypoints_v2_wave_equation,wave_equation,edge_obs64_noise010,64,0.1,14,wave_equation_keypoints_v2_wave_equation_obs64_noise100_seed14,0.08342233300209045,0.7264796815410893,0.06000073254108429,0.045210983604192734,0.005251049995422363,0.017816788632024797,0.01209969621702829,0.25,0
keypoints_v2_wave_equation,wave_equation,edge_obs64_noise010,64,0.1,15,wave_equation_keypoints_v2_wave_equation_obs64_noise100_seed15,0.09394992142915726,0.8970420315115508,0.052745841443538666,0.030730007216334343,0.005659818649291992,0.000584682086466658,0.009766271296812734,0.25,0
keypoints_v2_wave_equation,wave_equation,edge_obs64_noise010,64,0.1,16,wave_equation_keypoints_v2_wave_equation_obs64_noise100_seed16,0.04630199447274208,0.9127514134740209,0.06376080214977264,0.02207590639591217,0.0012154579162597656,0.00032588158077583355,0.005981053985431914,0.25,0
keypoints_v2_wave_equation,wave_equation,edge_obs64_noise010,64,0.1,17,wave_equation_keypoints_v2_wave_equation_obs64_noise100_seed17,0.06804612278938293,0.9030354030627832,0.06027194857597351,0.03619543835520744,0.00216519832611084,0.00029045064043838265,0.008282256405006247,0.25,0
keypoints_v2_wave_equation,wave_equation,edge_obs64_noise010,64,0.1,18,wave_equation_keypoints_v2_wave_equation_obs64_noise100_seed18,0.056159596890211105,0.9182681980293068,0.052180614322423935,0.01987934112548828,0.0013669729232788086,0.0003155220325441069,0.006592247712374894,0.25,0
keypoints_v2_wave_equation,wave_equation,edge_obs64_noise010,64,0.1,19,wave_equation_keypoints_v2_wave_equation_obs64_noise100_seed19,0.11929343640804291,0.8110364547921772,0.07628592848777771,0.052663132548332214,0.010106801986694336,0.008101750473456501,0.015808107213123854,0.25,0
keypoints_v2_wave_equation,wave_equation,edge_obs64_noise010,64,0.1,20,wave_equation_keypoints_v2_wave_equation_obs64_noise100_seed20,0.10817883908748627,0.8889154557376889,0.04978064447641373,0.034658897668123245,0.005365729331970215,0.0008007503768360006,0.008236704933420661,0.25,0
keypoints_v2_wave_equation,wave_equation,edge_obs64_noise010,64,0.1,21,wave_equation_keypoints_v2_wave_equation_obs64_noise100_seed21,0.06502971798181534,0.9112142699842911,0.05023808777332306,0.034328803420066833,0.0027804970741271973,0.0003401457794186339,0.008702244981185018,0.25,0
keypoints_v2_wave_equation,wave_equation,edge_obs64_noise010,64,0.1,22,wave_equation_keypoints_v2_wave_equation_obs64_noise100_seed22,0.07926174253225327,0.8983906508274717,0.0625157281756401,0.030323611572384834,0.004869401454925537,0.0002836934918916939,0.008651484502556431,0.25,0
keypoints_v2_wave_equation,wave_equation,edge_obs64_noise010,64,0.1,23,wave_equation_keypoints_v2_wave_equation_obs64_noise100_seed23,0.13182751834392548,0.7938911178535099,0.06997749209403992,0.056750617921352386,0.008818089962005615,0.009130888932969625,0.015529184451165329,0.25,0
keypoints_v2_wave_equation,wave_equation,edge_obs64_noise010,64,0.1,24,wave_equation_keypoints_v2_wave_equation_obs64_noise100_seed24,0.08749885112047195,0.7228301896623502,0.06243633106350899,0.04180672764778137,0.005673885345458984,0.017964373737373845,0.01618092636320744,0.25,0
keypoints_v2_wave_equation,wave_equation,edge_obs64_noise010,64,0.1,25,wave_equation_keypoints_v2_wave_equation_obs64_noise100_seed25,0.12370086461305618,0.8130465321744931,0.07133849710226059,0.051003385335206985,0.006211638450622559,0.008184396343736997,0.01495160846888226,0.25,0
keypoints_v2_wave_equation,wave_equation,edge_obs64_noise010,64,0.1,26,wave_equation_keypoints_v2_wave_equation_obs64_noise100_seed26,0.10461203008890152,0.8520114576248021,0.060566674917936325,0.048008207231760025,0.004976630210876465,0.006407533854796992,0.012551084168414262,0.25,0
keypoints_v2_wave_equation,wave_equation,edge_obs64_noise010,64,0.1,27,wave_equation_keypoints_v2_wave_equation_obs64_noise100_seed27,0.10703407227993011,0.8787509160999744,0.06763903796672821,0.03142495080828667,0.009663224220275879,0.00022460594612552963,0.008001359213493067,0.25,0
keypoints_v2_wave_equation,wave_equation,edge_obs64_noise010,64,0.1,28,wave_equation_keypoints_v2_wave_equation_obs64_noise100_seed28,0.0779319480061531,0.867363275517425,0.059834498912096024,0.03147726133465767,0.004670262336730957,0.007113635582714445,0.009952716865023548,0.25,0
keypoints_v2_wave_equation,wave_equation,edge_obs64_noise010,64,0.1,29,wave_equation_keypoints_v2_wave_equation_obs64_noise100_seed29,0.09219016879796982,0.8845202459739995,0.06607906520366669,0.040902018547058105,0.0051610469818115234,0.0006527007827893853,0.012202321537287996,0.25,0
keypoints_v2_wave_equation,wave_equation,edge_obs64_noise010,64,0.1,30,wave_equation_keypoints_v2_wave_equation_obs64_noise100_seed30,0.08981433510780334,0.888305127239481,0.06240672990679741,0.037782106548547745,0.004592180252075195,0.0013875867429990394,0.009195825411652871,0.25,0
keypoints_v2_wave_equation,wave_equation,transition_obs32_noise010,32,0.1,1,wave_equation_keypoints_v2_wave_equation_obs32_noise100_seed1,0.11854076385498047,0.8666013384080494,0.06644303351640701,0.043375164270401,0.008642613887786865,0.0008398943222104285,0.009900623577466905,0.25,0
keypoints_v2_wave_equation,wave_equation,transition_obs32_noise010,32,0.1,2,wave_equation_keypoints_v2_wave_equation_obs32_noise100_seed2,0.05572452396154404,0.9201419125441017,0.04562876373529434,0.026504816487431526,0.002335190773010254,0.00027590241728204005,0.0064465880574344795,0.25,0
keypoints_v2_wave_equation,wave_equation,transition_obs32_noise010,32,0.1,3,wave_equation_keypoints_v2_wave_equation_obs32_noise100_seed3,0.10204899311065674,0.857866736481801,0.08860234916210175,0.039174504578113556,0.005615115165710449,0.000965806856106237,0.011031224235483535,0.25,0
keypoints_v2_wave_equation,wave_equation,transition_obs32_noise010,32,0.1,4,wave_equation_keypoints_v2_wave_equation_obs32_noise100_seed4,0.15294858813285828,0.8248412973329857,0.06779976934194565,0.06187141686677933,0.011049032211303711,0.0022254761719884227,0.014029162094876906,0.25,0
keypoints_v2_wave_equation,wave_equation,transition_obs32_noise010,32,0.1,5,wave_equation_keypoints_v2_wave_equation_obs32_noise100_seed5,0.13258542120456696,0.8291748310085263,0.08984503895044327,0.048833828419446945,0.008362948894500732,0.0020074917882742034,0.013497463034218057,0.25,0
keypoints_v2_wave_equation,wave_equation,transition_obs32_noise010,32,0.1,6,wave_equation_keypoints_v2_wave_equation_obs32_noise100_seed6,0.08181938529014587,0.9056278726075977,0.04772057384252548,0.034688759595155716,0.003825962543487549,0.00016358542953332923,0.007757848555025286,0.25,0
keypoints_v2_wave_equation,wave_equation,transition_obs32_noise010,32,0.1,7,wave_equation_keypoints_v2_wave_equation_obs32_noise100_seed7,0.08770640194416046,0.9043624559049952,0.046974703669548035,0.0311402827501297,0.0057544708251953125,0.00011729754565382364,0.005901378562962641,0.25,0
keypoints_v2_wave_equation,wave_equation,transition_obs32_noise010,32,0.1,8,wave_equation_keypoints_v2_wave_equation_obs32_noise100_seed8,0.09355151653289795,0.863287005099433,0.054470598697662354,0.03481411188840866,0.0020456314086914062,0.007044273523534531,0.009384089678952424,0.25,0
keypoints_v2_wave_equation,wave_equation,transition_obs32_noise010,32,0.1,9,wave_equation_keypoints_v2_wave_equation_obs32_noise100_seed9,0.08935318142175674,0.8707533493806703,0.08032066375017166,0.038815248757600784,0.005095183849334717,0.0020370240513338123,0.010410700180450516,0.25,0
keypoints_v2_wave_equation,wave_equation,transition_obs32_noise010,32,0.1,10,wave_equation_keypoints_v2_wave_equation_obs32_noise100_seed10,0.0859399363398552,0.9027954085293566,0.04204697906970978,0.03500219061970711,0.005589842796325684,0.0016848818526889093,0.007020897230719936,0.25,0
keypoints_v2_wave_equation,wave_equation,transition_obs32_noise010,32,0.1,11,wave_equation_keypoints_v2_wave_equation_obs32_noise100_seed11,0.09557588398456573,0.8899100623397462,0.05865779146552086,0.038063183426856995,0.004563868045806885,0.00048308641862166747,0.008644300493317577,0.25,0
keypoints_v2_wave_equation,wave_equation,transition_obs32_noise010,32,0.1,12,wave_equation_keypoints_v2_wave_equation_obs32_noise100_seed12,0.11005714535713196,0.8833677483316813,0.05724272504448891,0.03618864715099335,0.005401253700256348,0.00037445050448652273,0.00849264198436865,0.25,0
keypoints_v2_wave_equation,wave_equation,transition_obs32_noise010,32,0.1,13,wave_equation_keypoints_v2_wave_equation_obs32_noise100_seed13,0.08930201828479767,0.8928105924248756,0.06149047613143921,0.03035043366253376,0.0035999417304992676,0.0011527203957526584,0.0058518859519567324,0.25,0
keypoints_v2_wave_equation,wave_equation,transition_obs32_noise010,32,0.1,14,wave_equation_keypoints_v2_wave_equation_obs32_noise100_seed14,0.0699092373251915,0.9023590864152627,0.04988648369908333,0.027451887726783752,0.003511786460876465,0.0035402220154967944,0.005431744916249933,0.25,0
keypoints_v2_wave_equation,wave_equation,transition_obs32_noise010,32,0.1,15,wave_equation_keypoints_v2_wave_equation_obs32_noise100_seed15,0.11242682486772537,0.8663923186245766,0.07404202222824097,0.04139561951160431,0.006931006908416748,0.0003145840095348044,0.01130127076325128,0.25,0
keypoints_v2_wave_equation,wave_equation,transition_obs32_noise010,32,0.1,16,wave_equation_keypoints_v2_wave_equation_obs32_noise100_seed16,0.12114935368299484,0.8525065909415663,0.07911118119955063,0.03942222520709038,0.009232521057128906,0.001931051458017994,0.01144770245033235,0.25,0
keypoints_v2_wave_equation,wave_equation,transition_obs32_noise010,32,0.1,17,wave_equation_keypoints_v2_wave_equation_obs32_noise100_seed17,0.08047156035900116,0.7847168988296286,0.054175131022930145,0.04272697865962982,0.004744887351989746,0.013527352335216118,0.008346108564895595,0.25,0
keypoints_v2_wave_equation,wave_equation,transition_obs32_noise010,32,0.1,18,wave_equation_keypoints_v2_wave_equation_obs32_noise100_seed18,0.062038689851760864,0.9030004056576788,0.06487647444009781,0.03245363384485245,0.0023679137229919434,0.0004214194739540345,0.007966724452480681,0.25,0
keypoints_v2_wave_equation,wave_equation,transition_obs32_noise010,32,0.1,19,wave_equation_keypoints_v2_wave_equation_obs32_noise100_seed19,0.14282453060150146,0.830987059684468,0.08485569804906845,0.042581427842378616,0.018748044967651367,0.0004713285684512562,0.014739756708396173,0.25,0
keypoints_v2_wave_equation,wave_equation,transition_obs32_noise010,32,0.1,20,wave_equation_keypoints_v2_wave_equation_obs32_noise100_seed20,0.08147845417261124,0.7394259243431123,0.05484528839588165,0.048757053911685944,0.003918111324310303,0.016838416711683676,0.00867890427420061,0.25,0
keypoints_v2_wave_equation,wave_equation,transition_obs32_noise010,32,0.1,21,wave_equation_keypoints_v2_wave_equation_obs32_noise100_seed21,0.06428772956132889,0.9105167928922687,0.04711296409368515,0.036365658044815063,0.0023442506790161133,0.001265974997275106,0.00798182643179536,0.25,0
keypoints_v2_wave_equation,wave_equation,transition_obs32_noise010,32,0.1,22,wave_equation_keypoints_v2_wave_equation_obs32_noise100_seed22,0.10541345924139023,0.8767740039535306,0.07148542255163193,0.029231015592813492,0.009154319763183594,0.00045884085248435293,0.010483141888415997,0.25,0
keypoints_v2_wave_equation,wave_equation,transition_obs32_noise010,32,0.1,23,wave_equation_keypoints_v2_wave_equation_obs32_noise100_seed23,0.11195272952318192,0.8419464500639693,0.06319166719913483,0.04650454595685005,0.006360650062561035,0.0069139158195299245,0.01159208826147604,0.25,0
keypoints_v2_wave_equation,wave_equation,transition_obs32_noise010,32,0.1,24,wave_equation_keypoints_v2_wave_equation_obs32_noise100_seed24,0.10210026800632477,0.8848164069725054,0.061543289572000504,0.03567485883831978,0.007824718952178955,0.00041026487754647594,0.006955514092158471,0.25,0
keypoints_v2_wave_equation,wave_equation,transition_obs32_noise010,32,0.1,25,wave_equation_keypoints_v2_wave_equation_obs32_noise100_seed25,0.0856514647603035,0.894767955907334,0.05714307725429535,0.03770545497536659,0.0025019049644470215,0.0012741301544823688,0.0061287054650958454,0.25,0
keypoints_v2_wave_equation,wave_equation,transition_obs32_noise010,32,0.1,26,wave_equation_keypoints_v2_wave_equation_obs32_noise100_seed26,0.053965091705322266,0.9108828573745927,0.059225887060165405,0.02991376630961895,0.0014647245407104492,0.0005242122428394548,0.0051674435655021875,0.25,0
keypoints_v2_wave_equation,wave_equation,transition_obs32_noise010,32,0.1,27,wave_equation_keypoints_v2_wave_equation_obs32_noise100_seed27,0.08880072087049484,0.8892794585552192,0.06549961864948273,0.03487149998545647,0.004999101161956787,0.0006366835238444776,0.006505055331350992,0.25,0
keypoints_v2_wave_equation,wave_equation,transition_obs32_noise010,32,0.1,28,wave_equation_keypoints_v2_wave_equation_obs32_noise100_seed28,0.11511733382940292,0.8089034821670638,0.05578216165304184,0.0464668832719326,0.0064849853515625,0.010164350875961497,0.01595942639594652,0.25,0
keypoints_v2_wave_equation,wave_equation,transition_obs32_noise010,32,0.1,29,wave_equation_keypoints_v2_wave_equation_obs32_noise100_seed29,0.09641489386558533,0.821315187879665,0.06466472148895264,0.04357416555285454,0.0036063790321350098,0.00972875595146378,0.012847539845589347,0.25,0
keypoints_v2_wave_equation,wave_equation,transition_obs32_noise010,32,0.1,30,wave_equation_keypoints_v2_wave_equation_obs32_noise100_seed30,0.11595818400382996,0.8514798542785139,0.08115419000387192,0.05216393992304802,0.006294906139373779,0.0008285608564796424,0.01311055194628181,0.25,0
keypoints_v2_wave_equation,wave_equation,transition_obs16_noise015,16,0.15,1,wave_equation_keypoints_v2_wave_equation_obs16_noise150_seed1,0.14983411133289337,0.8422730176741245,0.061464421451091766,0.0518377423286438,0.014317989349365234,0.00039156219584018703,0.010482477054985015,0.25,0
keypoints_v2_wave_equation,wave_equation,transition_obs16_noise015,16,0.15,2,wave_equation_keypoints_v2_wave_equation_obs16_noise150_seed2,0.13271494209766388,0.8442611774797228,0.07802044600248337,0.04822852835059166,0.00988227128982544,0.0007569691177966239,0.010970296841640737,0.25,0
keypoints_v2_wave_equation,wave_equation,transition_obs16_noise015,16,0.15,3,wave_equation_keypoints_v2_wave_equation_obs16_noise150_seed3,0.1566578894853592,0.7037253075659953,0.10960943251848221,0.0660737082362175,0.011673450469970703,0.01093844717668958,0.02461875972810499,0.25,0
keypoints_v2_wave_equation,wave_equation,transition_obs16_noise015,16,0.15,4,wave_equation_keypoints_v2_wave_equation_obs16_noise150_seed4,0.11068941652774811,0.8577869525802408,0.07613036036491394,0.04975009709596634,0.008451879024505615,0.0018710507376907247,0.012878446498355298,0.25,0
keypoints_v2_wave_equation,wave_equation,transition_obs16_noise015,16,0.15,5,wave_equation_keypoints_v2_wave_equation_obs16_noise150_seed5,0.1370977908372879,0.80650799761175,0.10356229543685913,0.05981764569878578,0.007204294204711914,0.0013959580488885578,0.0207657478960429,0.25,0
keypoints_v2_wave_equation,wave_equation,transition_obs16_noise015,16,0.15,6,wave_equation_keypoints_v2_wave_equation_obs16_noise150_seed6,0.15178672969341278,0.8411074736562001,0.06404081732034683,0.04750634357333183,0.01474541425704956,0.0003119924504012537,0.012802350006961297,0.25,0
keypoints_v2_wave_equation,wave_equation,transition_obs16_noise015,16,0.15,7,wave_equation_keypoints_v2_wave_equation_obs16_noise150_seed7,0.23668640851974487,0.5377060116416894,0.050287485122680664,0.06808765232563019,0.030954837799072266,0.02596429226291964,0.025085473886244696,0.25,0
keypoints_v2_wave_equation,wave_equation,transition_obs16_noise015,16,0.15,8,wave_equation_keypoints_v2_wave_equation_obs16_noise150_seed8,0.16475269198417664,0.8486840912609126,0.041258737444877625,0.0370185486972332,0.014495849609375,0.0002871804772753302,0.004984029737580935,0.25,0
keypoints_v2_wave_equation,wave_equation,transition_obs16_noise015,16,0.15,9,wave_equation_keypoints_v2_wave_equation_obs16_noise150_seed9,0.14617358148097992,0.8476175384400586,0.06510638445615768,0.039203401654958725,0.015536189079284668,0.0008415972598978476,0.009154900721014702,0.25,0
keypoints_v2_wave_equation,wave_equation,transition_obs16_noise015,16,0.15,10,wave_equation_keypoints_v2_wave_equation_obs16_noise150_seed10,0.2170296609401703,0.7857818470571372,0.054756686091423035,0.04019726812839508,0.0351262092590332,0.00010591148079111696,0.006862568947811381,0.25,0
keypoints_v2_wave_equation,wave_equation,transition_obs16_noise015,16,0.15,11,wave_equation_keypoints_v2_wave_equation_obs16_noise150_seed11,0.1025434136390686,0.8793330066928717,0.058964796364307404,0.04250068590044975,0.007110476493835449,0.0020948539627633346,0.01719089653047034,0.25,0
keypoints_v2_wave_equation,wave_equation,transition_obs16_noise015,16,0.15,12,wave_equation_keypoints_v2_wave_equation_obs16_noise150_seed12,0.16332946717739105,0.8167476881526913,0.07277800887823105,0.05415816605091095,0.01316756010055542,0.0020274535242167176,0.011765301630012118,0.25,0
keypoints_v2_wave_equation,wave_equation,transition_obs16_noise015,16,0.15,13,wave_equation_keypoints_v2_wave_equation_obs16_noise150_seed13,0.16919688880443573,0.8312610375035687,0.061915721744298935,0.035798463970422745,0.0108833909034729,0.0012669054617779044,0.010758882743063998,0.25,0
keypoints_v2_wave_equation,wave_equation,transition_obs16_noise015,16,0.15,14,wave_equation_keypoints_v2_wave_equation_obs16_noise150_seed14,0.13281671702861786,0.8586192864576533,0.0681878924369812,0.03841962292790413,0.006450653076171875,0.0003499678922484056,0.010570823551505147,0.25,0
keypoints_v2_wave_equation,wave_equation,transition_obs16_noise015,16,0.15,15,wave_equation_keypoints_v2_wave_equation_obs16_noise150_seed15,0.18645325303077698,0.7945523562552909,0.08290714770555496,0.04118281602859497,0.019473731517791748,0.0004512969873654694,0.011689237790104648,0.25,0
keypoints_v2_wave_equation,wave_equation,transition_obs16_noise015,16,0.15,16,wave_equation_keypoints_v2_wave_equation_obs16_noise150_seed16,0.12109595537185669,0.8630402460438202,0.07384104281663895,0.03841851279139519,0.0033226609230041504,0.00017842548845240581,0.007273028532542364,0.25,0
keypoints_v2_wave_equation,wave_equation,transition_obs16_noise015,16,0.15,17,wave_equation_keypoints_v2_wave_equation_obs16_noise150_seed17,0.24950650334358215,0.7406583024968315,0.06872692704200745,0.043470997363328934,0.04734688997268677,0.000491590478069078,0.00983786153780393,0.25,0
keypoints_v2_wave_equation,wave_equation,transition_obs16_noise015,16,0.15,18,wave_equation_keypoints_v2_wave_equation_obs16_noise150_seed18,0.128334641456604,0.8461999450138455,0.07857953757047653,0.05160071328282356,0.00884246826171875,0.0003751880037555455,0.012730726939136825,0.25,0
keypoints_v2_wave_equation,wave_equation,transition_obs16_noise015,16,0.15,19,wave_equation_keypoints_v2_wave_equation_obs16_noise150_seed19,0.16758275032043457,0.5946621600676862,0.08089716732501984,0.08148172497749329,0.011694610118865967,0.021659549202824764,0.021875442828328057,0.25,0
keypoints_v2_wave_equation,wave_equation,transition_obs16_noise015,16,0.15,20,wave_equation_keypoints_v2_wave_equation_obs16_noise150_seed20,0.1571553349494934,0.8421189313698912,0.060392219573259354,0.04245443642139435,0.013852298259735107,0.00015374348963068498,0.008447667077929067,0.25,0
keypoints_v2_wave_equation,wave_equation,transition_obs16_noise015,16,0.15,21,wave_equation_keypoints_v2_wave_equation_obs16_noise150_seed21,0.11560671776533127,0.8772620560951114,0.05422036722302437,0.03519751876592636,0.00997382402420044,0.0020620207160739297,0.01130153686670783,0.25,0
keypoints_v2_wave_equation,wave_equation,transition_obs16_noise015,16,0.15,22,wave_equation_keypoints_v2_wave_equation_obs16_noise150_seed22,0.1641319990158081,0.8344550322415537,0.06443323940038681,0.03357204049825668,0.020786762237548828,0.0005306481434706857,0.010223308736820199,0.25,0
keypoints_v2_wave_equation,wave_equation,transition_obs16_noise015,16,0.15,23,wave_equation_keypoints_v2_wave_equation_obs16_noise150_seed23,0.13692529499530792,0.8038265323812778,0.09901081770658493,0.06402316689491272,0.0016710162162780762,0.003422724907902136,0.018561207888402834,0.25,0
keypoints_v2_wave_equation,wave_equation,transition_obs16_noise015,16,0.15,24,wave_equation_keypoints_v2_wave_equation_obs16_noise150_seed24,0.13389655947685242,0.811983909500587,0.1022895947098732,0.059005007147789,0.006722569465637207,0.0009949630164129602,0.01633813242262346,0.25,0
keypoints_v2_wave_equation,wave_equation,transition_obs16_noise015,16,0.15,25,wave_equation_keypoints_v2_wave_equation_obs16_noise150_seed25,0.11602921783924103,0.8733074148568445,0.05739555135369301,0.04661521315574646,0.008771419525146484,0.0007663143568932653,0.012755583703601395,0.25,0
keypoints_v2_wave_equation,wave_equation,transition_obs16_noise015,16,0.15,26,wave_equation_keypoints_v2_wave_equation_obs16_noise150_seed26,0.174786776304245,0.8180966848287874,0.06894917786121368,0.04454100504517555,0.014468193054199219,0.00041357125348289115,0.00944694093490157,0.25,0
keypoints_v2_wave_equation,wave_equation,transition_obs16_noise015,16,0.15,27,wave_equation_keypoints_v2_wave_equation_obs16_noise150_seed27,0.11639103293418884,0.81085517037066,0.06552084535360336,0.046157605946063995,0.006975829601287842,0.009419798281368116,0.0075671408577154915,0.25,0
keypoints_v2_wave_equation,wave_equation,transition_obs16_noise015,16,0.15,28,wave_equation_keypoints_v2_wave_equation_obs16_noise150_seed28,0.1636079102754593,0.8210316647633695,0.07016809284687042,0.05544017255306244,0.01653754711151123,0.00046059931518778355,0.015494374559789106,0.25,0
keypoints_v2_wave_equation,wave_equation,transition_obs16_noise015,16,0.15,29,wave_equation_keypoints_v2_wave_equation_obs16_noise150_seed29,0.12834496796131134,0.8467316703555982,0.08249801397323608,0.04066001623868942,0.010542988777160645,0.0004516003955300585,0.023126637691690276,0.25,0
keypoints_v2_wave_equation,wave_equation,transition_obs16_noise015,16,0.15,30,wave_equation_keypoints_v2_wave_equation_obs16_noise150_seed30,0.15859606862068176,0.8093142550182784,0.08372519910335541,0.061819903552532196,0.005920350551605225,0.001456288147015609,0.01297999506006458,0.25,0
keypoints_v2_wave_equation,wave_equation,failure_obs16_noise020,16,0.2,1,wave_equation_keypoints_v2_wave_equation_obs16_noise200_seed1,0.15614446997642517,0.8339103494383892,0.06300148367881775,0.0546097606420517,0.015887439250946045,0.00036534799818972003,0.013578535657420255,0.25,0
keypoints_v2_wave_equation,wave_equation,failure_obs16_noise020,16,0.2,2,wave_equation_keypoints_v2_wave_equation_obs16_noise200_seed2,0.15584538877010345,0.8267624916799332,0.07308445125818253,0.052157409489154816,0.015553414821624756,0.0008189991277787539,0.0132159501511651,0.25,0
keypoints_v2_wave_equation,wave_equation,failure_obs16_noise020,16,0.2,3,wave_equation_keypoints_v2_wave_equation_obs16_noise200_seed3,0.21946655213832855,0.5228913916831317,0.1141536682844162,0.0759272351861,0.02616560459136963,0.02007180458975288,0.037697944159375316,0.25,0
keypoints_v2_wave_equation,wave_equation,failure_obs16_noise020,16,0.2,4,wave_equation_keypoints_v2_wave_equation_obs16_noise200_seed4,0.12076979875564575,0.8483946745467492,0.0811132937669754,0.0500788651406765,0.008157670497894287,0.001084807321980628,0.01772833654692257,0.25,0
keypoints_v2_wave_equation,wave_equation,failure_obs16_noise020,16,0.2,5,wave_equation_keypoints_v2_wave_equation_obs16_noise200_seed5,0.17160232365131378,0.7303226262722144,0.1066921278834343,0.07802858203649521,0.00834125280380249,0.007223511270231575,0.029766229817854036,0.25,0
keypoints_v2_wave_equation,wave_equation,failure_obs16_noise020,16,0.2,6,wave_equation_keypoints_v2_wave_equation_obs16_noise200_seed6,0.17730958759784698,0.8084591087744494,0.06940857321023941,0.05412600561976433,0.020200908184051514,0.0007223336671975105,0.01950735699181903,0.25,0
keypoints_v2_wave_equation,wave_equation,failure_obs16_noise020,16,0.2,7,wave_equation_keypoints_v2_wave_equation_obs16_noise200_seed7,0.2780354917049408,0.7017864600664088,0.05663095787167549,0.03906461223959923,0.039412498474121094,0.006807894871914314,0.019553024917488462,0.25,1
keypoints_v2_wave_equation,wave_equation,failure_obs16_noise020,16,0.2,8,wave_equation_keypoints_v2_wave_equation_obs16_noise200_seed8,0.1930273324251175,0.819183830545377,0.04378959536552429,0.03983636945486069,0.018134891986846924,0.0001331055520329007,0.005989589223340386,0.25,0
keypoints_v2_wave_equation,wave_equation,failure_obs16_noise020,16,0.2,9,wave_equation_keypoints_v2_wave_equation_obs16_noise200_seed9,0.16168725490570068,0.8317428639536494,0.06868904829025269,0.0392971895635128,0.01619511842727661,0.0006234460308582837,0.012151901985772172,0.25,0
keypoints_v2_wave_equation,wave_equation,failure_obs16_noise020,16,0.2,10,wave_equation_keypoints_v2_wave_equation_obs16_noise200_seed10,0.240740567445755,0.7591004773758832,0.057323869317770004,0.042438603937625885,0.04285120964050293,0.00013804715310105787,0.009312106647517422,0.25,0
keypoints_v2_wave_equation,wave_equation,failure_obs16_noise020,16,0.2,11,wave_equation_keypoints_v2_wave_equation_obs16_noise200_seed11,0.09168540686368942,0.8853640267751495,0.06259659677743912,0.044950030744075775,0.005478620529174805,0.0006463664932225935,0.02237653873779713,0.25,0
keypoints_v2_wave_equation,wave_equation,failure_obs16_noise020,16,0.2,12,wave_equation_keypoints_v2_wave_equation_obs16_noise200_seed12,0.1844092160463333,0.7892742063444363,0.07742331922054291,0.06088932231068611,0.013896286487579346,0.0019094197806685904,0.015364281413240881,0.25,0
keypoints_v2_wave_equation,wave_equation,failure_obs16_noise020,16,0.2,13,wave_equation_keypoints_v2_wave_equation_obs16_noise200_seed13,0.17284438014030457,0.8307257930048243,0.05893474072217941,0.03917695954442024,0.01003044843673706,0.00035507758715521055,0.013993032665228588,0.25,0
keypoints_v2_wave_equation,wave_equation,failure_obs16_noise020,16,0.2,14,wave_equation_keypoints_v2_wave_equation_obs16_noise200_seed14,0.1605808436870575,0.826178504013138,0.07517390698194504,0.04636688157916069,0.0070084333419799805,0.00036611661122817397,0.016188527823405588,0.25,0
keypoints_v2_wave_equation,wave_equation,failure_obs16_noise020,16,0.2,15,wave_equation_keypoints_v2_wave_equation_obs16_noise200_seed15,0.1972162276506424,0.7726968409291153,0.09008966386318207,0.04139399155974388,0.01938474178314209,0.0019837843635142,0.015314309393694651,0.25,0
keypoints_v2_wave_equation,wave_equation,failure_obs16_noise020,16,0.2,16,wave_equation_keypoints_v2_wave_equation_obs16_noise200_seed16,0.15008385479450226,0.8362480756025645,0.07792963832616806,0.04028338938951492,0.00340956449508667,0.0002493234444510146,0.010419373506812287,0.25,0
keypoints_v2_wave_equation,wave_equation,failure_obs16_noise020,16,0.2,17,wave_equation_keypoints_v2_wave_equation_obs16_noise200_seed17,0.2754562795162201,0.6694327198402679,0.07083109021186829,0.04752291738986969,0.05390644073486328,0.008368886167511021,0.01534597330518499,0.25,1
keypoints_v2_wave_equation,wave_equation,failure_obs16_noise020,16,0.2,18,wave_equation_keypoints_v2_wave_equation_obs16_noise200_seed18,0.15036828815937042,0.7164354305786549,0.08350907266139984,0.055572886019945145,0.0071907639503479,0.012970536382927346,0.015328571823230438,0.25,0
keypoints_v2_wave_equation,wave_equation,failure_obs16_noise020,16,0.2,19,wave_equation_keypoints_v2_wave_equation_obs16_noise200_seed19,0.1907505840063095,0.7599114378351637,0.08052363991737366,0.08228760957717896,0.010002851486206055,0.0033396142454147175,0.027598041582978603,0.25,0
keypoints_v2_wave_equation,wave_equation,failure_obs16_noise020,16,0.2,20,wave_equation_keypoints_v2_wave_equation_obs16_noise200_seed20,0.17659905552864075,0.8217488919902819,0.06160449609160423,0.04471684247255325,0.016559123992919922,0.0002920120155749141,0.01100146053564567,0.25,0
keypoints_v2_wave_equation,wave_equation,failure_obs16_noise020,16,0.2,21,wave_equation_keypoints_v2_wave_equation_obs16_noise200_seed21,0.1348588913679123,0.8639995650654204,0.05649905651807785,0.03758690878748894,0.013510823249816895,0.0006905232669753736,0.01523201696493324,0.25,0
keypoints_v2_wave_equation,wave_equation,failure_obs16_noise020,16,0.2,22,wave_equation_keypoints_v2_wave_equation_obs16_noise200_seed22,0.18600821495056152,0.8132429381354588,0.06468819826841354,0.0335635282099247,0.025810718536376953,0.00026154665084260256,0.013462321039766384,0.25,0
keypoints_v2_wave_equation,wave_equation,failure_obs16_noise020,16,0.2,23,wave_equation_keypoints_v2_wave_equation_obs16_noise200_seed23,0.14780643582344055,0.7969729150986387,0.10211240500211716,0.06611201912164688,0.0023103952407836914,0.0013896512292191463,0.02186742955450912,0.25,0
keypoints_v2_wave_equation,wave_equation,failure_obs16_noise020,16,0.2,24,wave_equation_keypoints_v2_wave_equation_obs16_noise200_seed24,0.1508537083864212,0.7898864513244633,0.10825267434120178,0.06141672283411026,0.009825646877288818,0.0008144738747872239,0.020251255058053034,0.25,0
keypoints_v2_wave_equation,wave_equation,failure_obs16_noise020,16,0.2,25,wave_equation_keypoints_v2_wave_equation_obs16_noise200_seed25,0.13595475256443024,0.6825377502761162,0.05763469263911247,0.05906551703810692,0.012891173362731934,0.018213584699277474,0.01817981596191873,0.25,0
keypoints_v2_wave_equation,wave_equation,failure_obs16_noise020,16,0.2,26,wave_equation_keypoints_v2_wave_equation_obs16_noise200_seed26,0.17919369041919708,0.8045558996075386,0.07332706451416016,0.05354772135615349,0.01146918535232544,0.00118458428795662,0.013477479909655797,0.25,0
keypoints_v2_wave_equation,wave_equation,failure_obs16_noise020,16,0.2,27,wave_equation_keypoints_v2_wave_equation_obs16_noise200_seed27,0.12450730800628662,0.756135944085805,0.06686708331108093,0.050214242190122604,0.008813619613647461,0.012801849326391617,0.008896954922588438,0.25,0
keypoints_v2_wave_equation,wave_equation,failure_obs16_noise020,16,0.2,28,wave_equation_keypoints_v2_wave_equation_obs16_noise200_seed28,0.18172681331634521,0.7954854172759408,0.07132939994335175,0.06584752351045609,0.019634485244750977,0.000635768685576743,0.02392049207415103,0.25,0
keypoints_v2_wave_equation,wave_equation,failure_obs16_noise020,16,0.2,29,wave_equation_keypoints_v2_wave_equation_obs16_noise200_seed29,0.18300166726112366,0.7271431838681752,0.08491916954517365,0.05330825597047806,0.01717090606689453,0.009861923249404443,0.03950967455866,0.25,0
keypoints_v2_wave_equation,wave_equation,failure_obs16_noise020,16,0.2,30,wave_equation_keypoints_v2_wave_equation_obs16_noise200_seed30,0.16937872767448425,0.7967226821170817,0.08404701203107834,0.06611775606870651,0.0069296956062316895,0.0013014701629469622,0.016852385874478962,0.25,0
keypoints_v2_wave_equation,wave_equation,failure_obs8_noise015,8,0.15,1,wave_equation_keypoints_v2_wave_equation_obs8_noise150_seed1,0.1860170215368271,0.7945573977354251,0.07736733555793762,0.05315166339278221,0.018841683864593506,0.0005824104084192689,0.01418944327316112,0.25,0
keypoints_v2_wave_equation,wave_equation,failure_obs8_noise015,8,0.15,2,wave_equation_keypoints_v2_wave_equation_obs8_noise150_seed2,0.14997553825378418,0.8658010075108775,0.03786402940750122,0.03238476440310478,0.01196753978729248,0.00010636803209788454,0.003330921670564035,0.25,0
keypoints_v2_wave_equation,wave_equation,failure_obs8_noise015,8,0.15,3,wave_equation_keypoints_v2_wave_equation_obs8_noise150_seed3,0.2915330231189728,0.6536858830037591,0.10305720567703247,0.07586045563220978,0.05077922344207764,0.0015462911392570052,0.019728730979390558,0.25,1
keypoints_v2_wave_equation,wave_equation,failure_obs8_noise015,8,0.15,4,wave_equation_keypoints_v2_wave_equation_obs8_noise150_seed4,0.3668958842754364,0.6701566197219543,0.06614397466182709,0.06837169826030731,0.031628191471099854,0.0005095705294030125,0.015156014474117607,0.25,1
keypoints_v2_wave_equation,wave_equation,failure_obs8_noise015,8,0.15,5,wave_equation_keypoints_v2_wave_equation_obs8_noise150_seed5,0.508392870426178,0.6435156061952227,0.07577241957187653,0.047016680240631104,0.08073264360427856,0.00035657216406396146,0.005108066822956262,0.25,1
keypoints_v2_wave_equation,wave_equation,failure_obs8_noise015,8,0.15,6,wave_equation_keypoints_v2_wave_equation_obs8_noise150_seed6,0.11093348264694214,0.886655771528387,0.04498991742730141,0.03898046910762787,0.006945669651031494,0.0012904666929351837,0.006417393114836271,0.25,0
keypoints_v2_wave_equation,wave_equation,failure_obs8_noise015,8,0.15,7,wave_equation_keypoints_v2_wave_equation_obs8_noise150_seed7,0.1707530915737152,0.8113843065695195,0.07462893426418304,0.05369088426232338,0.020695984363555908,0.0002595061528977015,0.009820723448076947,0.25,0
keypoints_v2_wave_equation,wave_equation,failure_obs8_noise015,8,0.15,8,wave_equation_keypoints_v2_wave_equation_obs8_noise150_seed8,0.17832016944885254,0.8220782597402637,0.0597841814160347,0.04463399201631546,0.013131439685821533,0.000366932662643324,0.005278918632649392,0.25,0
keypoints_v2_wave_equation,wave_equation,failure_obs8_noise015,8,0.15,9,wave_equation_keypoints_v2_wave_equation_obs8_noise150_seed9,0.2392023354768753,0.7592695534476507,0.06076064705848694,0.03802114352583885,0.04439663887023926,0.00032627838017437494,0.006278635386168981,0.25,0
keypoints_v2_wave_equation,wave_equation,failure_obs8_noise015,8,0.15,10,wave_equation_keypoints_v2_wave_equation_obs8_noise150_seed10,0.20155172049999237,0.8106686349019754,0.03880665823817253,0.039201654493808746,0.030809998512268066,0.0001362850244693726,0.009091345394717556,0.25,0
keypoints_v2_wave_equation,wave_equation,failure_obs8_noise015,8,0.15,11,wave_equation_keypoints_v2_wave_equation_obs8_noise150_seed11,0.161957249045372,0.7954058653846932,0.07554289698600769,0.07005114108324051,0.012834250926971436,0.0044226163594205115,0.020496359185557544,0.25,0
keypoints_v2_wave_equation,wave_equation,failure_obs8_noise015,8,0.15,12,wave_equation_keypoints_v2_wave_equation_obs8_noise150_seed12,0.30493390560150146,0.7043153586037694,0.05720577389001846,0.06422899663448334,0.01807701587677002,0.001247006855289633,0.01133433016707603,0.25,1
keypoints_v2_wave_equation,wave_equation,failure_obs8_noise015,8,0.15,13,wave_equation_keypoints_v2_wave_equation_obs8_noise150_seed13,0.29251936078071594,0.7080220892476499,0.07249193638563156,0.045425545424222946,0.03628665208816528,0.0007768456431445063,0.007809988190346687,0.25,1
keypoints_v2_wave_equation,wave_equation,failure_obs8_noise015,8,0.15,14,wave_equation_keypoints_v2_wave_equation_obs8_noise150_seed14,0.40743210911750793,0.4978264140853595,0.07874824106693268,0.05106188729405403,0.01755666732788086,0.01812615626331244,0.00981617665603798,0.25,1
keypoints_v2_wave_equation,wave_equation,failure_obs8_noise015,8,0.15,15,wave_equation_keypoints_v2_wave_equation_obs8_noise150_seed15,0.16063395142555237,0.8415131131407462,0.05845322832465172,0.03680943697690964,0.02007383108139038,0.00022919679039485797,0.004362436248773742,0.25,0
keypoints_v2_wave_equation,wave_equation,failure_obs8_noise015,8,0.15,16,wave_equation_keypoints_v2_wave_equation_obs8_noise150_seed16,0.18704722821712494,0.7822500320721748,0.08904527127742767,0.05194156989455223,0.014363765716552734,0.001172542304194312,0.011710095176416361,0.25,0
keypoints_v2_wave_equation,wave_equation,failure_obs8_noise015,8,0.15,17,wave_equation_keypoints_v2_wave_equation_obs8_noise150_seed17,0.5018259882926941,0.5270934015309268,0.07834377884864807,0.062454331666231155,0.025542080402374268,0.014277581581596668,0.01501187124116981,0.25,1
keypoints_v2_wave_equation,wave_equation,failure_obs8_noise015,8,0.15,18,wave_equation_keypoints_v2_wave_equation_obs8_noise150_seed18,0.20908387005329132,0.7933064981259988,0.05856321007013321,0.039196114987134933,0.02562129497528076,0.00029819063375166393,0.0056529643549217004,0.25,0
keypoints_v2_wave_equation,wave_equation,failure_obs8_noise015,8,0.15,19,wave_equation_keypoints_v2_wave_equation_obs8_noise150_seed19,0.25793102383613586,0.6540106581505123,0.11649928987026215,0.09912441670894623,0.008048653602600098,0.0021544805379955716,0.02062495210468131,0.25,1
keypoints_v2_wave_equation,wave_equation,failure_obs8_noise015,8,0.15,20,wave_equation_keypoints_v2_wave_equation_obs8_noise150_seed20,0.33565884828567505,0.7010584847175964,0.04954800754785538,0.04220408946275711,0.05400359630584717,0.00012796589320166198,0.003971711652058848,0.25,1
keypoints_v2_wave_equation,wave_equation,failure_obs8_noise015,8,0.15,21,wave_equation_keypoints_v2_wave_equation_obs8_noise150_seed21,0.1588992178440094,0.8558678338346546,0.038054946810007095,0.035286955535411835,0.01706874370574951,0.0001173765555096238,0.005252863868640487,0.25,0
keypoints_v2_wave_equation,wave_equation,failure_obs8_noise015,8,0.15,22,wave_equation_keypoints_v2_wave_equation_obs8_noise150_seed22,0.14188143610954285,0.8095566372590336,0.0605538971722126,0.06404408812522888,0.005827069282531738,0.007184112576537059,0.00925408815873537,0.25,0
keypoints_v2_wave_equation,wave_equation,failure_obs8_noise015,8,0.15,23,wave_equation_keypoints_v2_wave_equation_obs8_noise150_seed23,0.1719212383031845,0.7964123226921012,0.09271442145109177,0.04144924134016037,0.023929476737976074,0.0005775543213499986,0.007288632133281165,0.25,0
keypoints_v2_wave_equation,wave_equation,failure_obs8_noise015,8,0.15,24,wave_equation_keypoints_v2_wave_equation_obs8_noise150_seed24,0.13987040519714355,0.8330408620967371,0.06137263402342796,0.054825685918331146,0.005633234977722168,0.005030330554872457,0.013327339879957297,0.25,0
keypoints_v2_wave_equation,wave_equation,failure_obs8_noise015,8,0.15,25,wave_equation_keypoints_v2_wave_equation_obs8_noise150_seed25,0.3715474307537079,0.6765699295834542,0.06135246530175209,0.06815558671951294,0.014460444450378418,0.00042189742456797644,0.008307887536262952,0.25,1
keypoints_v2_wave_equation,wave_equation,failure_obs8_noise015,8,0.15,26,wave_equation_keypoints_v2_wave_equation_obs8_noise150_seed26,0.3108316659927368,0.69343869674513,0.06603503227233887,0.06104914844036102,0.04256284236907959,0.00032498654286576036,0.014414997764296975,0.25,1
keypoints_v2_wave_equation,wave_equation,failure_obs8_noise015,8,0.15,27,wave_equation_keypoints_v2_wave_equation_obs8_noise150_seed27,0.17833071947097778,0.7730183026705388,0.09720252454280853,0.06877480447292328,0.011445045471191406,0.000993330216336339,0.019032817745068386,0.25,0
keypoints_v2_wave_equation,wave_equation,failure_obs8_noise015,8,0.15,28,wave_equation_keypoints_v2_wave_equation_obs8_noise150_seed28,0.26146796345710754,0.729131272094591,0.07176744192838669,0.055066853761672974,0.01765763759613037,0.000885646088696972,0.011708169708301443,0.25,1
keypoints_v2_wave_equation,wave_equation,failure_obs8_noise015,8,0.15,29,wave_equation_keypoints_v2_wave_equation_obs8_noise150_seed29,0.16317065060138702,0.784174991724943,0.0819837674498558,0.07220710068941116,0.020629405975341797,0.004684857821916,0.013147262364216311,0.25,0
keypoints_v2_wave_equation,wave_equation,failure_obs8_noise015,8,0.15,30,wave_equation_keypoints_v2_wave_equation_obs8_noise150_seed30,0.1638033092021942,0.8245360207864321,0.06749466806650162,0.05513128638267517,0.007242977619171143,0.0007012284582751712,0.00875865884688413,0.25,0
keypoints_v2_wave_equation,wave_equation,failure_obs8_noise020,8,0.2,1,wave_equation_keypoints_v2_wave_equation_obs8_noise200_seed1,0.19070450961589813,0.7865457037603634,0.07939448952674866,0.05717968940734863,0.018151283264160156,0.00031954074025525926,0.01703379449508988,0.25,0
keypoints_v2_wave_equation,wave_equation,failure_obs8_noise020,8,0.2,2,wave_equation_keypoints_v2_wave_equation_obs8_noise200_seed2,0.170556902885437,0.846874780204395,0.03855489194393158,0.032064322382211685,0.014168381690979004,0.00021011935334794242,0.0033590808763004905,0.25,0
keypoints_v2_wave_equation,wave_equation,failure_obs8_noise020,8,0.2,3,wave_equation_keypoints_v2_wave_equation_obs8_noise200_seed3,0.2851003110408783,0.6641061608178898,0.09938281029462814,0.07555954158306122,0.04426681995391846,0.0014587896769364163,0.02146025218217275,0.25,1
keypoints_v2_wave_equation,wave_equation,failure_obs8_noise020,8,0.2,4,wave_equation_keypoints_v2_wave_equation_obs8_noise200_seed4,0.36910006403923035,0.6684140442690785,0.06772034615278244,0.0673639327287674,0.03502810001373291,0.000472069175415771,0.015545505755872588,0.25,1
keypoints_v2_wave_equation,wave_equation,failure_obs8_noise020,8,0.2,5,wave_equation_keypoints_v2_wave_equation_obs8_noise200_seed5,0.5667993426322937,0.6285263811117846,0.07349597662687302,0.0518864244222641,0.09745347499847412,0.002316921765132864,0.007340239219386435,0.25,1
keypoints_v2_wave_equation,wave_equation,failure_obs8_noise020,8,0.2,6,wave_equation_keypoints_v2_wave_equation_obs8_noise200_seed6,0.13277621567249298,0.8748467752382942,0.047319140285253525,0.034496381878852844,0.006002306938171387,0.00019509841068289017,0.0053152466720153835,0.25,0
keypoints_v2_wave_equation,wave_equation,failure_obs8_noise020,8,0.2,7,wave_equation_keypoints_v2_wave_equation_obs8_noise200_seed7,0.20462438464164734,0.7447332981127334,0.07666463404893875,0.057969365268945694,0.024395287036895752,0.006652166273486281,0.01404266832899622,0.25,0
keypoints_v2_wave_equation,wave_equation,failure_obs8_noise020,8,0.2,8,wave_equation_keypoints_v2_wave_equation_obs8_noise200_seed8,0.19402824342250824,0.8042205386725122,0.059785183519124985,0.04992002621293068,0.013784646987915039,0.0003594094867200188,0.006497344899931955,0.25,0
keypoints_v2_wave_equation,wave_equation,failure_obs8_noise020,8,0.2,9,wave_equation_keypoints_v2_wave_equation_obs8_noise200_seed9,0.23609207570552826,0.7581788985514706,0.06678051501512527,0.036716725677251816,0.04427605867385864,0.00024914349708076214,0.006001686842623236,0.25,0
keypoints_v2_wave_equation,wave_equation,failure_obs8_noise020,8,0.2,10,wave_equation_keypoints_v2_wave_equation_obs8_noise200_seed10,0.22543977200984955,0.7352582901699248,0.044196706265211105,0.045551102608442307,0.032712697982788086,0.008406067100399582,0.012672749258271764,0.25,0
keypoints_v2_wave_equation,wave_equation,failure_obs8_noise020,8,0.2,11,wave_equation_keypoints_v2_wave_equation_obs8_noise200_seed11,0.14131136238574982,0.8388778622257906,0.07432308048009872,0.05360604077577591,0.007264494895935059,0.0006102526297045419,0.017519273531728018,0.25,0
keypoints_v2_wave_equation,wave_equation,failure_obs8_noise020,8,0.2,12,wave_equation_keypoints_v2_wave_equation_obs8_noise200_seed12,0.3168822228908539,0.7028811600748437,0.0559997521340847,0.061373911798000336,0.01780402660369873,0.00046908840795283156,0.010845724406421215,0.25,1
keypoints_v2_wave_equation,wave_equation,failure_obs8_noise020,8,0.2,13,wave_equation_keypoints_v2_wave_equation_obs8_noise200_seed13,0.3126751780509949,0.6944079292586354,0.07394472509622574,0.04769512265920639,0.037595272064208984,0.0007296674887728558,0.009164465353289002,0.25,1
keypoints_v2_wave_equation,wave_equation,failure_obs8_noise020,8,0.2,14,wave_equation_keypoints_v2_wave_equation_obs8_noise200_seed14,0.46963271498680115,0.6564156172262878,0.08008937537670135,0.05414554476737976,0.021954119205474854,0.0004626494029224677,0.009764977506467086,0.25,1
keypoints_v2_wave_equation,wave_equation,failure_obs8_noise020,8,0.2,15,wave_equation_keypoints_v2_wave_equation_obs8_noise200_seed15,0.17667368054389954,0.8263996899269337,0.058203939348459244,0.03593636304140091,0.025293588638305664,0.00014943114780312168,0.004106523807648641,0.25,0
keypoints_v2_wave_equation,wave_equation,failure_obs8_noise020,8,0.2,16,wave_equation_keypoints_v2_wave_equation_obs8_noise200_seed16,0.19249550998210907,0.7023977341241382,0.09624624252319336,0.06062634661793709,0.012147665023803711,0.009932849216078333,0.014228762510168044,0.25,0
keypoints_v2_wave_equation,wave_equation,failure_obs8_noise020,8,0.2,17,wave_equation_keypoints_v2_wave_equation_obs8_noise200_seed17,0.49206259846687317,0.6602846823422505,0.07112360745668411,0.05889420211315155,0.023038089275360107,0.00039356083032538586,0.014284207788106882,0.25,1
keypoints_v2_wave_equation,wave_equation,failure_obs8_noise020,8,0.2,18,wave_equation_keypoints_v2_wave_equation_obs8_noise200_seed18,0.23111072182655334,0.6186714922117715,0.0645124539732933,0.041971657425165176,0.028628110885620117,0.01615058776273797,0.012506792103715088,0.25,0
keypoints_v2_wave_equation,wave_equation,failure_obs8_noise020,8,0.2,19,wave_equation_keypoints_v2_wave_equation_obs8_noise200_seed19,0.28773489594459534,0.6141204516073491,0.13175876438617706,0.0985766053199768,0.012848913669586182,0.002906131196935866,0.02255198695532423,0.25,1
keypoints_v2_wave_equation,wave_equation,failure_obs8_noise020,8,0.2,20,wave_equation_keypoints_v2_wave_equation_obs8_noise200_seed20,0.40184953808784485,0.6690783568767807,0.05680118501186371,0.04672788456082344,0.07649290561676025,0.00015404229314167883,0.005453772225795711,0.25,1
keypoints_v2_wave_equation,wave_equation,failure_obs8_noise020,8,0.2,21,wave_equation_keypoints_v2_wave_equation_obs8_noise200_seed21,0.18015581369400024,0.8356918182977147,0.03748812526464462,0.034935399889945984,0.02248603105545044,0.00010686617613519184,0.00529714756662279,0.25,0
keypoints_v2_wave_equation,wave_equation,failure_obs8_noise020,8,0.2,22,wave_equation_keypoints_v2_wave_equation_obs8_noise200_seed22,0.16723084449768066,0.8148683293726168,0.06112762913107872,0.07052284479141235,0.0067247748374938965,0.0009361686628169348,0.012243466627126031,0.25,0
keypoints_v2_wave_equation,wave_equation,failure_obs8_noise020,8,0.2,23,wave_equation_keypoints_v2_wave_equation_obs8_noise200_seed23,0.19682598114013672,0.773085537837065,0.0908263549208641,0.04098066687583923,0.03184795379638672,0.0006088193076347174,0.007739502229107413,0.25,0
keypoints_v2_wave_equation,wave_equation,failure_obs8_noise020,8,0.2,24,wave_equation_keypoints_v2_wave_equation_obs8_noise200_seed24,0.13826657831668854,0.8469802119761467,0.06393994390964508,0.05741389840841293,0.004811584949493408,0.0009711591255926012,0.016292699973575353,0.25,0
keypoints_v2_wave_equation,wave_equation,failure_obs8_noise020,8,0.2,25,wave_equation_keypoints_v2_wave_equation_obs8_noise200_seed25,0.4253493845462799,0.6647522837829384,0.06273152679204941,0.0692305788397789,0.019485533237457275,0.0004508307074895279,0.008596294532501587,0.25,1
keypoints_v2_wave_equation,wave_equation,failure_obs8_noise020,8,0.2,26,wave_equation_keypoints_v2_wave_equation_obs8_noise200_seed26,0.3014688193798065,0.6448814830162117,0.07053472846746445,0.06888598203659058,0.04186820983886719,0.008268671197399236,0.022500141797783733,0.25,1
keypoints_v2_wave_equation,wave_equation,failure_obs8_noise020,8,0.2,27,wave_equation_keypoints_v2_wave_equation_obs8_noise200_seed27,0.21276667714118958,0.7274468417365766,0.09696197509765625,0.0694626197218895,0.020053327083587646,0.004041952202038188,0.021894072175366527,0.25,0
keypoints_v2_wave_equation,wave_equation,failure_obs8_noise020,8,0.2,28,wave_equation_keypoints_v2_wave_equation_obs8_noise200_seed28,0.27630382776260376,0.6965952374405852,0.07943814992904663,0.05996720865368843,0.015206515789031982,0.004360021449764893,0.01627112213451349,0.25,1
keypoints_v2_wave_equation,wave_equation,failure_obs8_noise020,8,0.2,29,wave_equation_keypoints_v2_wave_equation_obs8_noise200_seed29,0.1454693228006363,0.8234570261567222,0.07854901999235153,0.05992347374558449,0.016793489456176758,0.0018245204441303857,0.01067862688496435,0.25,0
keypoints_v2_wave_equation,wave_equation,failure_obs8_noise020,8,0.2,30,wave_equation_keypoints_v2_wave_equation_obs8_noise200_seed30,0.16087447106838226,0.7904836166730347,0.0688721239566803,0.06314288824796677,0.006844282150268555,0.0069077083187979674,0.012933270746349779,0.25,0
