compare_name,case,label,strategy,seed,num_observation,noise_std,run_name,rel_l2,reliability_raw_recal,physics_consistency_recal,training_stability_recal,numerical_accuracy_recal,structural_stability_recal,physics_rms,boundary_rms,structure_error,loss_std,loss_ratio
region_aware_compare_v3_u3,burgers,transition_obs48_noise005,baseline,41,48,0.05,burgers_region_aware_compare_v3_u3_transition_obs48_noise005_baseline_seed41,0.024579128250479698,0.9199352246344303,0.8524134882092076,0.9370127496169122,0.93852679426136,0.9517878664502419,0.0656203031539917,0.018619537353515625,0.0006784200668334961,0.0002834348779483609,0.0026295255380461616
region_aware_compare_v3_u3,burgers,transition_obs48_noise005,baseline,42,48,0.05,burgers_region_aware_compare_v3_u3_transition_obs48_noise005_baseline_seed42,0.01991483010351658,0.9532399554306475,0.9625422415767586,0.9480914897971838,0.9558716118510683,0.9464544784975795,0.0606631264090538,0.014614749699831009,0.0009499192237854004,0.0001482344957035858,0.0019047190114691518
region_aware_compare_v3_u3,burgers,transition_obs48_noise005,baseline,43,48,0.05,burgers_region_aware_compare_v3_u3_transition_obs48_noise005_baseline_seed43,0.03864536061882973,0.7481973236414293,0.28496307639841145,0.9340412592163552,0.841679646016579,0.9321053129343717,0.08235441148281097,0.024272490292787552,0.001570582389831543,0.0002958791831410277,0.0028617894381588217
region_aware_compare_v3_u3,burgers,transition_obs48_noise005,baseline,44,48,0.05,burgers_region_aware_compare_v3_u3_transition_obs48_noise005_baseline_seed44,0.04687562212347984,0.6722822330484047,0.6632492320898403,0.3999677389826437,0.7414522943914039,0.8844596667297311,0.06636500358581543,0.0215948224067688,0.0030052661895751953,0.003948615149278593,0.003114997426599752
region_aware_compare_v3_u3,burgers,transition_obs48_noise005,baseline,45,48,0.05,burgers_region_aware_compare_v3_u3_transition_obs48_noise005_baseline_seed45,0.041682858020067215,0.6143351612185031,0.7662681969781688,0.041814835943231786,0.8089148446424779,0.8403427673101336,0.0675782635807991,0.02004298008978367,0.00392526388168335,0.007960378894405649,0.002211156930671568
region_aware_compare_v3_u3,burgers,transition_obs48_noise005,naive_region_aware_v1,41,48,0.05,burgers_region_aware_compare_v3_u3_transition_obs48_noise005_naive_region_aware_v1_seed41,0.05550086870789528,0.5927057919463188,0.2774250634799862,0.8684149974586098,0.6002865956820385,0.6246965111646404,0.0753759890794754,0.02584715001285076,0.0067528486251831055,0.001359008599827102,0.00304824775634054
region_aware_compare_v3_u3,burgers,transition_obs48_noise005,naive_region_aware_v1,42,48,0.05,burgers_region_aware_compare_v3_u3_transition_obs48_noise005_naive_region_aware_v1_seed42,0.03966279700398445,0.760640406199347,0.6529807002750978,0.7145755698160116,0.8312446100106332,0.8437607446956453,0.07682494074106216,0.019766777753829956,0.003862142562866211,0.002480640580818626,0.0021864023008532677
region_aware_compare_v3_u3,burgers,transition_obs48_noise005,naive_region_aware_v1,43,48,0.05,burgers_region_aware_compare_v3_u3_transition_obs48_noise005_naive_region_aware_v1_seed43,0.07158509641885757,0.12805337912364848,0.003334418419000392,0.00010237517418370585,0.3101076441529847,0.19866907874842513,0.11596275866031647,0.0323445163667202,0.011429667472839355,0.018049322838731268,0.005985264985107498
region_aware_compare_v3_u3,burgers,transition_obs48_noise005,naive_region_aware_v1,44,48,0.05,burgers_region_aware_compare_v3_u3_transition_obs48_noise005_naive_region_aware_v1_seed44,0.03590264171361923,0.7299160815549207,0.2879134787940734,0.9471762048368935,0.8672058008747225,0.8173688417139932,0.09010093659162521,0.02065620943903923,0.00432354211807251,0.00017769843664676514,0.0019112219645810035
region_aware_compare_v3_u3,burgers,transition_obs48_noise005,naive_region_aware_v1,45,48,0.05,burgers_region_aware_compare_v3_u3_transition_obs48_noise005_naive_region_aware_v1_seed45,0.04564052075147629,0.8071711715394184,0.8486015813368597,0.8976535723349593,0.7588088280297741,0.7236207044560804,0.0717676505446434,0.016670163720846176,0.0056403279304504395,0.0011510035811368624,0.0018736399214135191
region_aware_compare_v3_u3,burgers,transition_obs48_noise005,dim_guided_v2,41,48,0.05,burgers_region_aware_compare_v3_u3_transition_obs48_noise005_dim_guided_v2_seed41,0.06985913962125778,0.22555449590313176,0.1459522784311906,0.01232761225589534,0.3384579241400912,0.4054801687853498,0.07006547600030899,0.029258908703923225,0.008944213390350342,0.009988491607371973,0.004213899831792712
region_aware_compare_v3_u3,burgers,transition_obs48_noise005,dim_guided_v2,42,48,0.05,burgers_region_aware_compare_v3_u3_transition_obs48_noise005_dim_guided_v2_seed42,0.022154230624437332,0.9511484338145275,0.9767940774424101,0.950430941893871,0.9482194348816888,0.9291492810401405,0.058853574097156525,0.013139934279024601,0.001683056354522705,0.00012164404295650978,0.0017127662471095799
region_aware_compare_v3_u3,burgers,transition_obs48_noise005,dim_guided_v2,43,48,0.05,burgers_region_aware_compare_v3_u3_transition_obs48_noise005_dim_guided_v2_seed43,0.032265979796648026,0.620456292300517,0.28678688702083643,0.4389899076135467,0.8955954931107999,0.8604528814568848,0.08271633833646774,0.02413077838718891,0.003536522388458252,0.003762780536772067,0.0027624269416179474
region_aware_compare_v3_u3,burgers,transition_obs48_noise005,dim_guided_v2,44,48,0.05,burgers_region_aware_compare_v3_u3_transition_obs48_noise005_dim_guided_v2_seed44,0.024180199950933456,0.9376721951330056,0.9155260601884869,0.9444847340367734,0.9402304458032301,0.9504475405035324,0.06257282942533493,0.017166316509246826,0.0007492303848266602,0.00018689672708577918,0.0021829725443140483
region_aware_compare_v3_u3,burgers,transition_obs48_noise005,dim_guided_v2,45,48,0.05,burgers_region_aware_compare_v3_u3_transition_obs48_noise005_dim_guided_v2_seed45,0.023566091433167458,0.9448689560929899,0.9626580938010301,0.9454934099477855,0.9427668183996673,0.9285575022234764,0.06123341619968414,0.014387720264494419,0.0017050504684448242,0.00018756626772499472,0.002070155134705376
region_aware_compare_v3_u3,burgers,transition_obs48_noise005,non_dominant_guided_v3,41,48,0.05,burgers_region_aware_compare_v3_u3_transition_obs48_noise005_non_dominant_guided_v3_seed41,0.02901136875152588,0.8995018390978821,0.8324474406387351,0.9271563819529871,0.9163152286689703,0.9220883051308356,0.06647816300392151,0.018950825557112694,0.001935124397277832,0.00048251152788830493,0.0028619223975110343
region_aware_compare_v3_u3,burgers,transition_obs48_noise005,non_dominant_guided_v3,42,48,0.05,burgers_region_aware_compare_v3_u3_transition_obs48_noise005_non_dominant_guided_v3_seed42,0.02018239162862301,0.9399966032103357,0.9132993797814719,0.9451831839145044,0.955017403204982,0.9464864459403849,0.06509070098400116,0.016739195212721825,0.0009483695030212402,0.00023906288141371836,0.001924319925865978
region_aware_compare_v3_u3,burgers,transition_obs48_noise005,non_dominant_guided_v3,43,48,0.05,burgers_region_aware_compare_v3_u3_transition_obs48_noise005_non_dominant_guided_v3_seed43,0.02649853751063347,0.7716259732981169,0.3109868711055059,0.9253091280650695,0.9296783711144638,0.9205295229074282,0.08211767673492432,0.023857956752181053,0.001987934112548828,0.0005089721675234848,0.002928162196257841
region_aware_compare_v3_u3,burgers,transition_obs48_noise005,non_dominant_guided_v3,44,48,0.05,burgers_region_aware_compare_v3_u3_transition_obs48_noise005_non_dominant_guided_v3_seed44,0.036427002400159836,0.8262542409531363,0.6858865723633025,0.8301508046388087,0.8626113023343454,0.9263682844760884,0.06160904839634895,0.021533124148845673,0.001784980297088623,0.0017111708122615002,0.003035313569044363
region_aware_compare_v3_u3,burgers,transition_obs48_noise005,non_dominant_guided_v3,45,48,0.05,burgers_region_aware_compare_v3_u3_transition_obs48_noise005_non_dominant_guided_v3_seed45,0.01922905631363392,0.9507756267671214,0.94689543880229,0.9464628532291636,0.957990882025492,0.9517533330115397,0.06162094324827194,0.015725450590252876,0.0006802678108215332,0.00012059589734625781,0.002175751510774681
region_aware_compare_v3_u3,burgers,seed_sensitive_obs32_noise010,baseline,41,32,0.1,burgers_region_aware_compare_v3_u3_seed_sensitive_obs32_noise010_baseline_seed41,0.031855154782533646,0.6087826673498606,0.6339245958201716,0.014861118082719836,0.8984415195418407,0.8879034359547104,0.06778529286384583,0.021857839077711105,0.0029214024543762207,0.009497557517850924,0.007500030427730493
region_aware_compare_v3_u3,burgers,seed_sensitive_obs32_noise010,baseline,42,32,0.1,burgers_region_aware_compare_v3_u3_seed_sensitive_obs32_noise010_baseline_seed42,0.03256562352180481,0.9082281221603518,0.9189629885555215,0.9240773671658571,0.8934754614849572,0.8963966714350712,0.06660375744104385,0.015849072486162186,0.0027045011520385742,0.000302048541347099,0.0036222866686368106
region_aware_compare_v3_u3,burgers,seed_sensitive_obs32_noise010,baseline,43,32,0.1,burgers_region_aware_compare_v3_u3_seed_sensitive_obs32_noise010_baseline_seed43,0.10554888844490051,0.05886081117093692,0.0007998474517097178,0.20060087329177795,0.03399969116766426,4.2832772595765066e-05,0.10938727110624313,0.040894389152526855,0.032708168029785156,0.004874667795967181,0.009028355845208004
region_aware_compare_v3_u3,burgers,seed_sensitive_obs32_noise010,baseline,44,32,0.1,burgers_region_aware_compare_v3_u3_seed_sensitive_obs32_noise010_baseline_seed44,0.040790773928165436,0.8444586736697018,0.772984117065345,0.8884455921957393,0.8190431975148539,0.8973617879028691,0.07492826879024506,0.017555180937051773,0.0026788711547851562,0.0003763091979176454,0.005396202762536821
region_aware_compare_v3_u3,burgers,seed_sensitive_obs32_noise010,baseline,45,32,0.1,burgers_region_aware_compare_v3_u3_seed_sensitive_obs32_noise010_baseline_seed45,0.025566060096025467,0.9025753861933066,0.8584388863859918,0.876853389330963,0.9341152405495218,0.9408940285067496,0.06479991972446442,0.018585361540317535,0.0012070536613464355,0.00016541350111556094,0.006093886044007886
region_aware_compare_v3_u3,burgers,seed_sensitive_obs32_noise010,naive_region_aware_v1,41,32,0.1,burgers_region_aware_compare_v3_u3_seed_sensitive_obs32_noise010_naive_region_aware_v1_seed41,0.047901686280965805,0.3658249215204868,0.05409637747304161,0.0019002411931559602,0.7264287764631118,0.6808742909526379,0.09407155960798264,0.02832026034593582,0.006143093109130859,0.013138130905110887,0.004930268696558433
region_aware_compare_v3_u3,burgers,seed_sensitive_obs32_noise010,naive_region_aware_v1,42,32,0.1,burgers_region_aware_compare_v3_u3_seed_sensitive_obs32_noise010_naive_region_aware_v1_seed42,0.04813787713646889,0.5689670191804678,0.6845202700714954,0.48971279873573303,0.7228944485830199,0.37874055933162304,0.07840999960899353,0.017798377200961113,0.009219825267791748,0.0034821201658142985,0.00394475195211256
region_aware_compare_v3_u3,burgers,seed_sensitive_obs32_noise010,naive_region_aware_v1,43,32,0.1,burgers_region_aware_compare_v3_u3_seed_sensitive_obs32_noise010_naive_region_aware_v1_seed43,0.04088739678263664,0.5118535888048765,0.17930642062889066,0.3227605287433847,0.8179667045444037,0.727380701302827,0.08837782591581345,0.024717113003134727,0.0055939555168151855,0.004274178863514732,0.005661351399304671
region_aware_compare_v3_u3,burgers,seed_sensitive_obs32_noise010,naive_region_aware_v1,44,32,0.1,burgers_region_aware_compare_v3_u3_seed_sensitive_obs32_noise010_naive_region_aware_v1_seed44,0.04385245963931084,0.7880002301969485,0.4987470935075484,0.9269462955763507,0.7824940258113537,0.9438135058925411,0.08337677270174026,0.019388455897569656,0.0010750293731689453,9.020180092990509e-05,0.0038512556427877233
region_aware_compare_v3_u3,burgers,seed_sensitive_obs32_noise010,naive_region_aware_v1,45,32,0.1,burgers_region_aware_compare_v3_u3_seed_sensitive_obs32_noise010_naive_region_aware_v1_seed45,0.04356754198670387,0.8306421438072442,0.7333123474980218,0.9117162660253356,0.7861088549322554,0.8914311067733645,0.07417590171098709,0.019153302535414696,0.002833127975463867,0.00013805880120799772,0.004653913487200967
region_aware_compare_v3_u3,burgers,seed_sensitive_obs32_noise010,dim_guided_v2,41,32,0.1,burgers_region_aware_compare_v3_u3_seed_sensitive_obs32_noise010_dim_guided_v2_seed41,0.06350484490394592,0.5707536955679062,0.56800785435359,0.8488759214091557,0.4517461194729891,0.41438488703589016,0.06519927084445953,0.0227897260338068,0.008853793144226074,0.001017273688278501,0.005738690313700772
region_aware_compare_v3_u3,burgers,seed_sensitive_obs32_noise010,dim_guided_v2,42,32,0.1,burgers_region_aware_compare_v3_u3_seed_sensitive_obs32_noise010_dim_guided_v2_seed42,0.046367790549993515,0.774306885455126,0.9225239317236459,0.6578073703618503,0.7486860257396704,0.7682102139953375,0.06271525472402573,0.016849534586071968,0.005061328411102295,0.002694507651998669,0.003820163900723918
region_aware_compare_v3_u3,burgers,seed_sensitive_obs32_noise010,dim_guided_v2,43,32,0.1,burgers_region_aware_compare_v3_u3_seed_sensitive_obs32_noise010_dim_guided_v2_seed43,0.03989047184586525,0.6213148457176314,0.13852413974175343,0.8626698285022437,0.8288358109719998,0.6552296036545288,0.09262000769376755,0.024395201355218887,0.0064272284507751465,0.0005745047939469742,0.006104234871141893
region_aware_compare_v3_u3,burgers,seed_sensitive_obs32_noise010,dim_guided_v2,44,32,0.1,burgers_region_aware_compare_v3_u3_seed_sensitive_obs32_noise010_dim_guided_v2_seed44,0.04038980230689049,0.8591306052591421,0.8915901286970886,0.8953520152474513,0.8234575029980187,0.8261227740940096,0.06975377351045609,0.01565716043114662,0.004176735877990723,0.0003281584549430125,0.005165571887496969
region_aware_compare_v3_u3,burgers,seed_sensitive_obs32_noise010,dim_guided_v2,45,32,0.1,burgers_region_aware_compare_v3_u3_seed_sensitive_obs32_noise010_dim_guided_v2_seed45,0.03316008299589157,0.8714226379922696,0.8286240423068169,0.858533114636183,0.8891571520268462,0.9093762429992325,0.06628710776567459,0.019059203565120697,0.0023404359817504883,0.000797860908503248,0.005867863329269511
region_aware_compare_v3_u3,burgers,seed_sensitive_obs32_noise010,non_dominant_guided_v3,41,32,0.1,burgers_region_aware_compare_v3_u3_seed_sensitive_obs32_noise010_non_dominant_guided_v3_seed41,0.027760088443756104,0.8457411542019114,0.6305332447993637,0.8897871245526632,0.9232357947029852,0.9394084527526333,0.07252189517021179,0.02134423889219761,0.0012719035148620605,0.0003391297486497224,0.005392893809952384
region_aware_compare_v3_u3,burgers,seed_sensitive_obs32_noise010,non_dominant_guided_v3,42,32,0.1,burgers_region_aware_compare_v3_u3_seed_sensitive_obs32_noise010_non_dominant_guided_v3_seed42,0.024213196709752083,0.9397005730428621,0.9378356833188073,0.9329581220476106,0.9400912246997049,0.9479172621053258,0.0634695366024971,0.01583864539861679,0.0008780956268310547,0.0001313713534412699,0.003355381044225319
region_aware_compare_v3_u3,burgers,seed_sensitive_obs32_noise010,non_dominant_guided_v3,43,32,0.1,burgers_region_aware_compare_v3_u3_seed_sensitive_obs32_noise010_non_dominant_guided_v3_seed43,0.0287125613540411,0.6963582998734602,0.11971525099279316,0.8719594582046478,0.9180176928776499,0.87574079741875,0.09101195633411407,0.025766359642148018,0.0032082796096801758,0.0005354216318037463,0.005820007433495148
region_aware_compare_v3_u3,burgers,seed_sensitive_obs32_noise010,non_dominant_guided_v3,44,32,0.1,burgers_region_aware_compare_v3_u3_seed_sensitive_obs32_noise010_non_dominant_guided_v3_seed44,0.032931849360466,0.7091090728738109,0.7532640537876133,0.27426527606461715,0.8908329370013056,0.9180740246417076,0.06755784898996353,0.020253444090485573,0.002069234848022461,0.004593438419583352,0.005473757443084684
region_aware_compare_v3_u3,burgers,seed_sensitive_obs32_noise010,non_dominant_guided_v3,45,32,0.1,burgers_region_aware_compare_v3_u3_seed_sensitive_obs32_noise010_non_dominant_guided_v3_seed45,0.026419421657919884,0.9229850625502772,0.9203715757733404,0.9188347520864218,0.9300652939540105,0.9226686283873363,0.0684894546866417,0.01407680008560419,0.0019152164459228516,6.999268574778968e-05,0.004368987010163561
region_aware_compare_v3_u3,stokes_poiseuille,critical_obs8_noise0125,baseline,41,8,0.125,stokes_poiseuille_region_aware_compare_v3_u3_critical_obs8_noise0125_baseline_seed41,0.03481311351060867,0.9161014863243735,0.9996155432798786,0.9782000948506525,0.7225448577109456,0.9640454494560176,0.0779317170381546,0.015934865921735764,3.451108932495117e-05,0.0002067247255023313,0.0011181169960647666
region_aware_compare_v3_u3,stokes_poiseuille,critical_obs8_noise0125,baseline,42,8,0.125,stokes_poiseuille_region_aware_compare_v3_u3_critical_obs8_noise0125_baseline_seed42,0.040881477296352386,0.6917391097912322,0.5883025563188814,0.9164052241148116,0.3982524689563561,0.86399618977488,0.11969859153032303,0.03315481171011925,5.3822994232177734e-05,0.0007394019432407136,0.0019535169870121293
region_aware_compare_v3_u3,stokes_poiseuille,critical_obs8_noise0125,baseline,43,8,0.125,stokes_poiseuille_region_aware_compare_v3_u3_critical_obs8_noise0125_baseline_seed43,0.0409160852432251,0.7719916637052413,0.9862340670226876,0.7357574819313666,0.39638174485308536,0.9695933610138254,0.0739053413271904,0.02444961480796337,3.218650817871094e-05,0.00022348555440707672,0.0030197673182142584
region_aware_compare_v3_u3,stokes_poiseuille,critical_obs8_noise0125,baseline,44,8,0.125,stokes_poiseuille_region_aware_compare_v3_u3_critical_obs8_noise0125_baseline_seed44,0.03783383592963219,0.8399604480797203,0.9121844362864749,0.9005081509924466,0.5683745801787867,0.9787746248611728,0.08859637379646301,0.02910609543323517,2.7239322662353516e-05,0.0003591562711528841,0.0021834025643319016
region_aware_compare_v3_u3,stokes_poiseuille,critical_obs8_noise0125,baseline,45,8,0.125,stokes_poiseuille_region_aware_compare_v3_u3_critical_obs8_noise0125_baseline_seed45,0.026069607585668564,0.9101365598544473,0.9761533675690045,0.9379338673896006,0.9493519427190353,0.7771070617401488,0.09867501258850098,0.02572479285299778,6.186962127685547e-05,0.0003768279200246776,0.0018373089712133786
region_aware_compare_v3_u3,stokes_poiseuille,critical_obs8_noise0125,naive_region_aware_v1,41,8,0.125,stokes_poiseuille_region_aware_compare_v3_u3_critical_obs8_noise0125_naive_region_aware_v1_seed41,0.029376404359936714,0.9600079390604321,0.9987475922613307,0.97378145356396,0.8988400904521116,0.9686626199643261,0.04849627614021301,0.018741067498922348,3.260374069213867e-05,0.00016004868608883623,0.0012421773708292776
region_aware_compare_v3_u3,stokes_poiseuille,critical_obs8_noise0125,naive_region_aware_v1,42,8,0.125,stokes_poiseuille_region_aware_compare_v3_u3_critical_obs8_noise0125_naive_region_aware_v1_seed42,0.034242723137140274,0.644417517797398,0.3463321096693637,0.8101481669931865,0.7476051279739134,0.6735846665531282,0.09790653735399246,0.037595026195049286,6.890296936035156e-05,0.0007742480991819582,0.002622580597412271
region_aware_compare_v3_u3,stokes_poiseuille,critical_obs8_noise0125,naive_region_aware_v1,43,8,0.125,stokes_poiseuille_region_aware_compare_v3_u3_critical_obs8_noise0125_naive_region_aware_v1_seed43,0.055653974413871765,0.7140674283194703,0.9879438865990151,0.8505180895353736,0.023033686520594128,0.9947740506228988,0.07527946680784225,0.024130018427968025,8.225440979003906e-06,0.00015125200258142205,0.002504110055387565
region_aware_compare_v3_u3,stokes_poiseuille,critical_obs8_noise0125,naive_region_aware_v1,44,8,0.125,stokes_poiseuille_region_aware_compare_v3_u3_critical_obs8_noise0125_naive_region_aware_v1_seed44,0.035694047808647156,0.7827988722516857,0.8112754282901482,0.6485522124014578,0.6809754466494288,0.9903924016657079,0.08215601742267609,0.03134062513709068,1.6450881958007812e-05,0.0003642883060187776,0.0033347293881693866
region_aware_compare_v3_u3,stokes_poiseuille,critical_obs8_noise0125,naive_region_aware_v1,45,8,0.125,stokes_poiseuille_region_aware_compare_v3_u3_critical_obs8_noise0125_naive_region_aware_v1_seed45,0.01865600235760212,0.9854972216322097,0.9977780326415052,0.9773726616901649,0.9900917070129511,0.976746485184217,0.08336593955755234,0.02008950151503086,2.849102020263672e-05,0.0002091213400394953,0.0011430891167970526
region_aware_compare_v3_u3,stokes_poiseuille,critical_obs8_noise0125,dim_guided_v2,41,8,0.125,stokes_poiseuille_region_aware_compare_v3_u3_critical_obs8_noise0125_dim_guided_v2_seed41,0.035873252898454666,0.8799916114092142,0.9994216396633236,0.9767798479545082,0.6721233556688575,0.8716416023501675,0.06391186267137527,0.01691293716430664,5.2928924560546875e-05,0.0002124321771734624,0.0011604433168269372
region_aware_compare_v3_u3,stokes_poiseuille,critical_obs8_noise0125,dim_guided_v2,42,8,0.125,stokes_poiseuille_region_aware_compare_v3_u3_critical_obs8_noise0125_dim_guided_v2_seed42,0.03983607515692711,0.6836651178061143,0.6809631011038109,0.9241887031070246,0.4559240004604934,0.6735846665531282,0.09834974259138107,0.03322751075029373,6.890296936035156e-05,0.0007033631628035652,0.0019261427835458146
region_aware_compare_v3_u3,stokes_poiseuille,critical_obs8_noise0125,dim_guided_v2,43,8,0.125,stokes_poiseuille_region_aware_compare_v3_u3_critical_obs8_noise0125_dim_guided_v2_seed43,0.04267242178320885,0.7437428542609521,0.9822845360758735,0.7143078043941659,0.3063924484642201,0.9719866281095492,0.06793355196714401,0.02505996823310852,3.1054019927978516e-05,0.0002310027483354052,0.0031006499341144204
region_aware_compare_v3_u3,stokes_poiseuille,critical_obs8_noise0125,dim_guided_v2,44,8,0.125,stokes_poiseuille_region_aware_compare_v3_u3_critical_obs8_noise0125_dim_guided_v2_seed44,0.03782465681433678,0.8103019022099593,0.8952644715879448,0.8912253788769298,0.5688828440075552,0.8858349143674078,0.08776455372571945,0.029590241611003876,5.1140785217285156e-05,0.00040334860308651735,0.0022513975987922415
region_aware_compare_v3_u3,stokes_poiseuille,critical_obs8_noise0125,dim_guided_v2,45,8,0.125,stokes_poiseuille_region_aware_compare_v3_u3_critical_obs8_noise0125_dim_guided_v2_seed45,0.02580268122255802,0.8358922090324425,0.9828418470669533,0.9429449764031314,0.9521720092810769,0.46561000337860886,0.08552722632884979,0.024980176240205765,8.046627044677734e-05,0.0003620513824551686,0.001777538368608748
region_aware_compare_v3_u3,stokes_poiseuille,critical_obs8_noise0125,non_dominant_guided_v3,41,8,0.125,stokes_poiseuille_region_aware_compare_v3_u3_critical_obs8_noise0125_non_dominant_guided_v3_seed41,0.034122321754693985,0.9229289917311736,0.9992165559464751,0.976064279366543,0.7526990607583282,0.9637360708533481,0.09749595820903778,0.015773270279169083,3.463029861450195e-05,0.00022643718365568816,0.0011808260001007274
region_aware_compare_v3_u3,stokes_poiseuille,critical_obs8_noise0125,non_dominant_guided_v3,42,8,0.125,stokes_poiseuille_region_aware_compare_v3_u3_critical_obs8_noise0125_non_dominant_guided_v3_seed42,0.04083508625626564,0.5427775025240024,0.027727931110489795,0.9062959150670487,0.40076478534392296,0.836321378574548,0.14699193835258484,0.03310186415910721,5.6743621826171875e-05,0.0007514784111906693,0.002026282901368344
region_aware_compare_v3_u3,stokes_poiseuille,critical_obs8_noise0125,non_dominant_guided_v3,43,8,0.125,stokes_poiseuille_region_aware_compare_v3_u3_critical_obs8_noise0125_non_dominant_guided_v3_seed43,0.039804019033908844,0.782684822477906,0.9884333946707093,0.7306265502819869,0.4577195941206809,0.9539597508382468,0.08789269626140594,0.0240241177380085,3.796815872192383e-05,0.0002457978351222,0.0030393843400881825
region_aware_compare_v3_u3,stokes_poiseuille,critical_obs8_noise0125,non_dominant_guided_v3,44,8,0.125,stokes_poiseuille_region_aware_compare_v3_u3_critical_obs8_noise0125_non_dominant_guided_v3_seed44,0.03741654008626938,0.8490083821930668,0.9267394768700801,0.903334852239348,0.5913195191651566,0.9746396804976829,0.09875017404556274,0.028601914644241333,2.968311309814453e-05,0.0003332270560889335,0.0021616488531391717
region_aware_compare_v3_u3,stokes_poiseuille,critical_obs8_noise0125,non_dominant_guided_v3,45,8,0.125,stokes_poiseuille_region_aware_compare_v3_u3_critical_obs8_noise0125_non_dominant_guided_v3_seed45,0.025200314819812775,0.9130904055183378,0.9469390866203856,0.9382836233752727,0.9579973703654058,0.809141541712287,0.11353462934494019,0.025535890832543373,5.924701690673828e-05,0.0003638226469562006,0.001833314550852435
region_aware_compare_v3_u3,stokes_poiseuille,near_boundary_obs12_noise020,baseline,41,12,0.2,stokes_poiseuille_region_aware_compare_v3_u3_near_boundary_obs12_noise020_baseline_seed41,0.024687767028808594,0.6888833539980601,0.9981918355958069,0.720764975761608,0.9624140810864333,0.07416252354839184,0.07759279757738113,0.019608309492468834,0.00011247396469116211,0.00027652725209520397,0.0030765989999320233
region_aware_compare_v3_u3,stokes_poiseuille,near_boundary_obs12_noise020,baseline,42,12,0.2,stokes_poiseuille_region_aware_compare_v3_u3_near_boundary_obs12_noise020_baseline_seed42,0.03776314854621887,0.4019556482089044,0.3743594127991175,0.26943714406904634,0.5722848721111309,0.39174116385632274,0.12088294327259064,0.03601229563355446,8.45193862915039e-05,0.0010484218586309052,0.0029926351457982957
region_aware_compare_v3_u3,stokes_poiseuille,near_boundary_obs12_noise020,baseline,43,12,0.2,stokes_poiseuille_region_aware_compare_v3_u3_near_boundary_obs12_noise020_baseline_seed43,0.052904315292835236,0.479745618287748,0.9204629279499333,0.22109891818802271,0.04201576088085257,0.7354048661321831,0.0861915796995163,0.028840111568570137,6.490945816040039e-05,0.0002118991292017574,0.005051073387282731
region_aware_compare_v3_u3,stokes_poiseuille,near_boundary_obs12_noise020,baseline,44,12,0.2,stokes_poiseuille_region_aware_compare_v3_u3_near_boundary_obs12_noise020_baseline_seed44,0.03604132682085037,0.48990594273405697,0.2999615861368899,0.047344162645729396,0.6637082176540916,0.948609804499517,0.09281434863805771,0.03835536539554596,3.9517879486083984e-05,0.0006378121541451927,0.007077608716523858
region_aware_compare_v3_u3,stokes_poiseuille,near_boundary_obs12_noise020,baseline,45,12,0.2,stokes_poiseuille_region_aware_compare_v3_u3_near_boundary_obs12_noise020_baseline_seed45,0.03167271986603737,0.7298969647827449,0.9252044705621346,0.20344291652725954,0.8410461330185152,0.9498943390230703,0.1063125878572464,0.028518276289105415,3.916025161743164e-05,0.00050220331591594,0.005163842042155316
region_aware_compare_v3_u3,stokes_poiseuille,near_boundary_obs12_noise020,naive_region_aware_v1,41,12,0.2,stokes_poiseuille_region_aware_compare_v3_u3_near_boundary_obs12_noise020_naive_region_aware_v1_seed41,0.026786301285028458,0.8896277657003567,0.9971907477246891,0.6242058752028055,0.9409825993691829,0.9961318405047493,0.06156866252422333,0.02065536379814148,4.172325134277344e-06,0.00027692052024799263,0.0034181236372157623
region_aware_compare_v3_u3,stokes_poiseuille,near_boundary_obs12_noise020,naive_region_aware_v1,42,12,0.2,stokes_poiseuille_region_aware_compare_v3_u3_near_boundary_obs12_noise020_naive_region_aware_v1_seed42,0.02501724101603031,0.5593122225832656,0.8503303768702466,0.4190544031221835,0.9596291870934046,0.008234923247227926,0.10231754928827286,0.03059391863644123,0.00014287233352661133,0.0009637424015116244,0.003329565025610275
region_aware_compare_v3_u3,stokes_poiseuille,near_boundary_obs12_noise020,naive_region_aware_v1,43,12,0.2,stokes_poiseuille_region_aware_compare_v3_u3_near_boundary_obs12_noise020_naive_region_aware_v1_seed43,0.04290028661489487,0.5744634280462422,0.9322507722292029,0.0860868109798105,0.29557115673329004,0.9839449722426651,0.06793773919343948,0.028416020795702934,2.3424625396728516e-05,0.00021620380573277893,0.006301516914664003
region_aware_compare_v3_u3,stokes_poiseuille,near_boundary_obs12_noise020,naive_region_aware_v1,44,12,0.2,stokes_poiseuille_region_aware_compare_v3_u3_near_boundary_obs12_noise020_naive_region_aware_v1_seed44,0.053348176181316376,0.2513724132586044,0.02880675554310686,0.0024179009106614275,0.03816281241930535,0.9361021841613439,0.07173838466405869,0.049649059772491455,4.26173210144043e-05,0.0005604181397457328,0.010936879409221192
region_aware_compare_v3_u3,stokes_poiseuille,near_boundary_obs12_noise020,naive_region_aware_v1,45,12,0.2,stokes_poiseuille_region_aware_compare_v3_u3_near_boundary_obs12_noise020_naive_region_aware_v1_seed45,0.03837701305747032,0.6559308266900794,0.9892314983259605,0.566450237411456,0.5380775747423122,0.529963996280589,0.0846722200512886,0.023855866864323616,7.700920104980469e-05,0.000254724589319902,0.003613186325836648
region_aware_compare_v3_u3,stokes_poiseuille,near_boundary_obs12_noise020,dim_guided_v2,41,12,0.2,stokes_poiseuille_region_aware_compare_v3_u3_near_boundary_obs12_noise020_dim_guided_v2_seed41,0.025413386523723602,0.6646032827266752,0.9977324653690254,0.7005098593638237,0.9560187455527008,0.004152060621151288,0.07037905603647232,0.020147014409303665,0.00015211105346679688,0.0003014871427921662,0.0031512624882183973
region_aware_compare_v3_u3,stokes_poiseuille,near_boundary_obs12_noise020,dim_guided_v2,42,12,0.2,stokes_poiseuille_region_aware_compare_v3_u3_near_boundary_obs12_noise020_dim_guided_v2_seed42,0.03650864586234093,0.3967888893952547,0.4665240493587278,0.34222413915734656,0.6397711171094129,0.13863625195553164,0.10305830091238022,0.03590001165866852,0.00010311603546142578,0.001017484962188134,0.002980066926729457
region_aware_compare_v3_u3,stokes_poiseuille,near_boundary_obs12_noise020,dim_guided_v2,43,12,0.2,stokes_poiseuille_region_aware_compare_v3_u3_near_boundary_obs12_noise020_dim_guided_v2_seed43,0.05555840581655502,0.42954572218319015,0.8559219669474153,0.2043436307219181,0.023524189481497162,0.63439310158193,0.0859195813536644,0.030506974086165428,7.12275505065918e-05,0.00024304388730532912,0.005158073323538776
region_aware_compare_v3_u3,stokes_poiseuille,near_boundary_obs12_noise020,dim_guided_v2,44,12,0.2,stokes_poiseuille_region_aware_compare_v3_u3_near_boundary_obs12_noise020_dim_guided_v2_seed44,0.03662160411477089,0.47284137424876216,0.3208890381306899,0.04678452891446843,0.6338737722792303,0.8898181576706601,0.08910216391086578,0.03800307959318161,5.060434341430664e-05,0.0006557621680497477,0.0070921391909694285
region_aware_compare_v3_u3,stokes_poiseuille,near_boundary_obs12_noise020,dim_guided_v2,45,12,0.2,stokes_poiseuille_region_aware_compare_v3_u3_near_boundary_obs12_noise020_dim_guided_v2_seed45,0.032547540962696075,0.7073559195685533,0.9383050433876158,0.22176396887826708,0.8128369598670421,0.8565177061412881,0.09724896401166916,0.028155839070677757,5.46574592590332e-05,0.00043534749703875173,0.005046918292542138
region_aware_compare_v3_u3,stokes_poiseuille,near_boundary_obs12_noise020,non_dominant_guided_v3,41,12,0.2,stokes_poiseuille_region_aware_compare_v3_u3_near_boundary_obs12_noise020_non_dominant_guided_v3_seed41,0.02445286512374878,0.6854896075294976,0.9981433771482737,0.7106759194684533,0.964285892945995,0.0688532405552686,0.09474611282348633,0.019401660189032555,0.00011354684829711914,0.00027654381412694145,0.003114067630350996
region_aware_compare_v3_u3,stokes_poiseuille,near_boundary_obs12_noise020,non_dominant_guided_v3,42,12,0.2,stokes_poiseuille_region_aware_compare_v3_u3_near_boundary_obs12_noise020_non_dominant_guided_v3_seed42,0.038087792694568634,0.28065670204651233,0.010720067550486993,0.3453462751640807,0.5542590840780409,0.21230138139344074,0.15105374157428741,0.03593765199184418,9.620189666748047e-05,0.0010131201384396063,0.0030429895878920947
region_aware_compare_v3_u3,stokes_poiseuille,near_boundary_obs12_noise020,non_dominant_guided_v3,43,12,0.2,stokes_poiseuille_region_aware_compare_v3_u3_near_boundary_obs12_noise020_non_dominant_guided_v3_seed43,0.051944851875305176,0.45541184286358555,0.9378873299763137,0.2196216023734982,0.051651769729533295,0.6124866693749969,0.09973442554473877,0.02815818414092064,7.2479248046875e-05,0.00022783463753748217,0.005060207409236963
region_aware_compare_v3_u3,stokes_poiseuille,near_boundary_obs12_noise020,non_dominant_guided_v3,44,12,0.2,stokes_poiseuille_region_aware_compare_v3_u3_near_boundary_obs12_noise020_non_dominant_guided_v3_seed44,0.0358433835208416,0.4838801748375461,0.2993991533949411,0.04809039419291797,0.6736075427869089,0.9144236089754162,0.10533342510461807,0.038347017019987106,4.684925079345703e-05,0.0006190971326477787,0.007057975431773325
region_aware_compare_v3_u3,stokes_poiseuille,near_boundary_obs12_noise020,non_dominant_guided_v3,45,12,0.2,stokes_poiseuille_region_aware_compare_v3_u3_near_boundary_obs12_noise020_non_dominant_guided_v3_seed45,0.03148629143834114,0.6518339609051577,0.5989780863110665,0.20741730380788595,0.8465918701205227,0.9543485833811555,0.124702088534832,0.028419332578778267,3.784894943237305e-05,0.0005007541502735091,0.005137661430099889
